job,web,com,salary
job,web,com,salary
job,web,com,salary
job,web,com,salary
job,web,com,salary
job,web,com,salary
job,web,com,salary
python后端工程师,http://company.zhaopin.com/CC324103522.htm,清华大学交通研究所,15000-25000
python开发工程师 [北京],http://company.zhaopin.com/CC562114535.htm,深圳市源极光科技有限公司,15000-20000
Python开发工程师,http://company.zhaopin.com/CZ312198010.htm,西藏国路安科技股份有限公司,10000-20000
Python开发工程师,http://company.zhaopin.com/P9/CC0006/4518/CC000645187.htm,普天信息技术有限公司,8000-15000
Python开发工程师,http://company.zhaopin.com/CZ300255130.htm,贝壳找房,25000-50000
python开发工程师,http://company.zhaopin.com/CC424188188.htm,大连斯锐信息技术有限公司,10001-15000
童程金牌讲师--Java，Python (MJ003366),http://special.zhaopin.com/bj/2010/Dn092512/index.html,北京达内金桥科技有限公司1,15000-25000
Python讲师,http://company.zhaopin.com/CZ390261410.htm,北京千锋互联科技有限公司,15000-25000
Python开发工程师 (MJ004387),http://special.zhaopin.com/bj/2010/Dn092512/index.html,北京达内金桥科技有限公司1,15000-25000
Python讲师 (MJ003642),http://special.zhaopin.com/bj/2010/Dn092512/index.html,北京达内金桥科技有限公司1,15000-30000
Python开发工程师,http://company.zhaopin.com/CZ414704830.htm,北京汉迪移动互联网科技股份有限公司,15000-30000
python工程师（工程部）,http://company.zhaopin.com/CC554174721.htm,数据堂(北京)科技股份有限公司,10001-15000
python开发,http://company.zhaopin.com/CZ241587280.htm,壕鑫互联(北京)网络科技有限公司,20000-25000
python开发,http://special.zhaopin.com/pagepublish/12014748/index.html,联动优势科技有限公司,10001-15000
Python老师,http://company.zhaopin.com/P9/CC1345/0348/CC134503487.htm,北京华信智原教育技术有限公司,15001-20000
Python 高级开发工程师,http://company.zhaopin.com/CZ120227020.htm,北京农信互联科技有限公司,15001-20000
高级Python开发工程师（网安）,http://company.zhaopin.com/P8/CC1313/4347/CC131343479.htm,任子行网络技术股份有限公司北京分公司,15000-25000
Python开发工程师（北京）,http://company.zhaopin.com/CZ544024680.htm,深圳市前海谷雨网络科技有限公司,10000-20000
Python项目经理,http://special.zhaopin.com/pagepublish/18796562/index.html,北京八维研修学院,18000-35000
研发工程师-Python,http://special.zhaopin.com/pagepublish/19017681/index.html,竞技世界(北京)网络技术有限公司,6001-8000
Python开发工程师,http://company.zhaopin.com/CZ492400930.htm,北京缔联科技有限公司,8000-15000
Python开发工程师,http://company.zhaopin.com/%E7%AB%8B%E4%BF%A1%E4%BC%9A%E8%AE%A1%E5%B8%88%E4%BA%8B%E5%8A%A1%E6%89%80%28%E7%89%B9%E6%AE%8A%E6%99%AE%E9%80%9A%E5%90%88%E4%BC%99%29%E5%8C%97%E4%BA%AC%E5%88%86%E6%89%80_CC464802915.htm,立信会计师事务所(特殊普通合伙)北京分所,15001-20000
Python研发工程师,http://company.zhaopin.com/CC313785038.htm,上海诚信互通网络信息科技有限公司,15000-30000
python开发工程师,http://company.zhaopin.com/P1/CC1201/0710/CC120107107.htm,中盈优创资讯科技有限公司,7500-15000
算法工程师（Java/Scala/Python/R方向）,http://company.zhaopin.com/CC213935487.htm,北京中能博泰科技有限公司,15001-20000
中级Python开发工程师,http://company.zhaopin.com/CC320489439.htm,北京赛宁网安科技有限公司,15001-20000
Python-西二旗（联想）-ERP(1019),http://special.zhaopin.com/pagepublish/12053534/index.html,北京联想利泰软件有限公司,10001-15000
Python开发工程师,http://special.zhaopin.com/bj/2013/zkrk062859,中科软科技股份有限公司,8000-12000
核心业务部门_Python工程师,http://company.zhaopin.com/CC120747254.htm,北京思特奇信息技术股份有限公司,8001-10000
python人工智能定岗实习生,http://company.zhaopin.com/CZ449350980.htm,北京托普云数据技术有限公司,6001-8000
Python/Golang/Linux C/中高级研发工程师,http://special.zhaopin.com/pagepublish/13761518/job.html,北京傲盾软件有限责任公司,6001-8000
Java/python/web实训生,http://company.zhaopin.com/CZ449350980.htm,北京托普云数据技术有限公司,4001-6000
高级Python WEB工程师（SAAS方向）,http://company.zhaopin.com/CC320449689.htm,易思互动(北京)科技有限公司,20000-35000
Python数据工程师,http://company.zhaopin.com/CC320449689.htm,易思互动(北京)科技有限公司,12000-24000
python服务端开发工程师,http://company.zhaopin.com/CZ288485880.htm,混沌时代(北京)教育科技有限公司,20001-30000
python开发工程师+包住,http://company.zhaopin.com/CZ449350980.htm,北京托普云数据技术有限公司,6001-8000
python爬虫工程师,http://company.zhaopin.com/CC421475684.htm,北京神州云合数据科技发展有限公司,10000-20000
高级python研发工程师,http://company.zhaopin.com/CC688947920.htm,北京云途腾科技有限责任公司,15000-25000
python软件开发实训生,http://company.zhaopin.com/CZ449350980.htm,北京托普云数据技术有限公司,6001-8000
PYTHON软件工程师,http://company.zhaopin.com/CC430354722.htm,中国科学院信息工程研究所,8000-12000
Python开发工程师,http://company.zhaopin.com/CZ412756630.htm,领途教育咨询(北京)有限公司,10000-20000
Python开发工程师,http://company.zhaopin.com/P9/CC1201/5678/CC120156789.htm,东方兴业网络教育服务有限责任公司,7500-15000
python/java开发+包住,http://company.zhaopin.com/CZ449350980.htm,北京托普云数据技术有限公司,6001-8000
Python高级开发工程师,http://company.zhaopin.com/CZ120570220.htm,北京棣南新宇科技有限公司,15001-20000
Java/python/web前端开发工程师,http://company.zhaopin.com/CZ449350980.htm,北京托普云数据技术有限公司,6001-8000
测试工程师（Python/Shell/C++一个语言）,http://company.zhaopin.com/CC393070585.htm,灵动科技(北京)有限公司,10001-15000
Python高级开发工程师,http://company.zhaopin.com/CZ120570220.htm,北京棣南新宇科技有限公司,15001-20000
Python高级开发工程师,http://company.zhaopin.com/CZ120570220.htm,北京棣南新宇科技有限公司,15001-20000
系统开发工程师（php/java/python/perl）,http://company.zhaopin.com/P6/CC1458/6235/CC145862354.htm,北京赛尔汇力安全科技有限公司,10000-20000
python高级开发,http://company.zhaopin.com/CZ339557930.htm,北京富邦智慧物联科技有限公司,10000-20000
Python高级开发工程师,http://company.zhaopin.com/CZ120570220.htm,北京棣南新宇科技有限公司,15001-20000
Python高级开发工程师,http://company.zhaopin.com/CZ120570220.htm,北京棣南新宇科技有限公司,15001-20000
java/ui/python/h5实习生,http://company.zhaopin.com/CZ449350980.htm,北京托普云数据技术有限公司,6001-8000
python开发工程师,http://company.zhaopin.com/CC366553888.htm,大连信雅达软件有限公司北京办事处,10001-15000
高级Python工程师,http://company.zhaopin.com/CZ200376530.htm,慕华(北京)网络技术有限公司,20001-30000
python实习生/工程师,http://company.zhaopin.com/CZ449350980.htm,北京托普云数据技术有限公司,4001-6000
Python开发工程师,http://company.zhaopin.com/CZ503126180.htm,台州欧奇电子商务有限公司,30001-50000
Python技术经理,http://company.zhaopin.com/CC334247837.htm,北京新界教育科技有限公司,20001-30000
python数据分析工程师,http://company.zhaopin.com/CC280194480.htm,北京众蓝科技有限公司,15000-30000
高级Python工程师,http://company.zhaopin.com/CZ560828080.htm,北京优利森咨询服务有限公司,30001-50000
python后端工程师,http://company.zhaopin.com/CC324103522.htm,清华大学交通研究所,15000-25000
python开发工程师 [北京],http://company.zhaopin.com/CC562114535.htm,深圳市源极光科技有限公司,15000-20000
Python开发工程师,http://company.zhaopin.com/CZ312198010.htm,西藏国路安科技股份有限公司,10000-20000
Python开发工程师,http://company.zhaopin.com/P9/CC0006/4518/CC000645187.htm,普天信息技术有限公司,8000-15000
Python开发工程师,http://company.zhaopin.com/CZ300255130.htm,贝壳找房,25000-50000
python开发工程师,http://company.zhaopin.com/CC424188188.htm,大连斯锐信息技术有限公司,10001-15000
童程金牌讲师--Java，Python (MJ003366),http://special.zhaopin.com/bj/2010/Dn092512/index.html,北京达内金桥科技有限公司1,15000-25000
Python讲师,http://company.zhaopin.com/CZ390261410.htm,北京千锋互联科技有限公司,15000-25000
Python讲师 (MJ003642),http://special.zhaopin.com/bj/2010/Dn092512/index.html,北京达内金桥科技有限公司1,15000-30000
Python开发工程师 (MJ004387),http://special.zhaopin.com/bj/2010/Dn092512/index.html,北京达内金桥科技有限公司1,15000-25000
Python开发工程师,http://company.zhaopin.com/CZ414704830.htm,北京汉迪移动互联网科技股份有限公司,15000-30000
python工程师（工程部）,http://company.zhaopin.com/CC554174721.htm,数据堂(北京)科技股份有限公司,10001-15000
python开发,http://company.zhaopin.com/CZ241587280.htm,壕鑫互联(北京)网络科技有限公司,20000-25000
python开发,http://special.zhaopin.com/pagepublish/12014748/index.html,联动优势科技有限公司,10001-15000
Python老师,http://company.zhaopin.com/P9/CC1345/0348/CC134503487.htm,北京华信智原教育技术有限公司,15001-20000
Python 高级开发工程师,http://company.zhaopin.com/CZ120227020.htm,北京农信互联科技有限公司,15001-20000
高级Python开发工程师（网安）,http://company.zhaopin.com/P8/CC1313/4347/CC131343479.htm,任子行网络技术股份有限公司北京分公司,15000-25000
Python开发工程师（北京）,http://company.zhaopin.com/CZ544024680.htm,深圳市前海谷雨网络科技有限公司,10000-20000
Python研发工程师,http://company.zhaopin.com/CC313785038.htm,上海诚信互通网络信息科技有限公司,15000-30000
Python项目经理,http://special.zhaopin.com/pagepublish/18796562/index.html,北京八维研修学院,18000-35000
python开发工程师,http://company.zhaopin.com/P1/CC1201/0710/CC120107107.htm,中盈优创资讯科技有限公司,7500-15000
Python开发工程师,http://company.zhaopin.com/%E7%AB%8B%E4%BF%A1%E4%BC%9A%E8%AE%A1%E5%B8%88%E4%BA%8B%E5%8A%A1%E6%89%80%28%E7%89%B9%E6%AE%8A%E6%99%AE%E9%80%9A%E5%90%88%E4%BC%99%29%E5%8C%97%E4%BA%AC%E5%88%86%E6%89%80_CC464802915.htm,立信会计师事务所(特殊普通合伙)北京分所,15001-20000
研发工程师-Python,http://special.zhaopin.com/pagepublish/19017681/index.html,竞技世界(北京)网络技术有限公司,6001-8000
Python开发工程师,http://company.zhaopin.com/CZ492400930.htm,北京缔联科技有限公司,8000-15000
算法工程师（Java/Scala/Python/R方向）,http://company.zhaopin.com/CC213935487.htm,北京中能博泰科技有限公司,15001-20000
中级Python开发工程师,http://company.zhaopin.com/CC320489439.htm,北京赛宁网安科技有限公司,15001-20000
核心业务部门_Python工程师,http://company.zhaopin.com/CC120747254.htm,北京思特奇信息技术股份有限公司,8001-10000
Python开发工程师,http://special.zhaopin.com/bj/2013/zkrk062859,中科软科技股份有限公司,8000-12000
Python-西二旗（联想）-ERP(1019),http://special.zhaopin.com/pagepublish/12053534/index.html,北京联想利泰软件有限公司,10001-15000
python人工智能定岗实习生,http://company.zhaopin.com/CZ449350980.htm,北京托普云数据技术有限公司,6001-8000
Python/Golang/Linux C/中高级研发工程师,http://special.zhaopin.com/pagepublish/13761518/job.html,北京傲盾软件有限责任公司,6001-8000
Java/python/web实训生,http://company.zhaopin.com/CZ449350980.htm,北京托普云数据技术有限公司,4001-6000
高级Python WEB工程师（SAAS方向）,http://company.zhaopin.com/CC320449689.htm,易思互动(北京)科技有限公司,20000-35000
Python数据工程师,http://company.zhaopin.com/CC320449689.htm,易思互动(北京)科技有限公司,12000-24000
PYTHON软件工程师,http://company.zhaopin.com/CC430354722.htm,中国科学院信息工程研究所,8000-12000
高级python研发工程师,http://company.zhaopin.com/CC688947920.htm,北京云途腾科技有限责任公司,15000-25000
python开发工程师+包住,http://company.zhaopin.com/CZ449350980.htm,北京托普云数据技术有限公司,6001-8000
python爬虫工程师,http://company.zhaopin.com/CC421475684.htm,北京神州云合数据科技发展有限公司,10000-20000
python软件开发实训生,http://company.zhaopin.com/CZ449350980.htm,北京托普云数据技术有限公司,6001-8000
python服务端开发工程师,http://company.zhaopin.com/CZ288485880.htm,混沌时代(北京)教育科技有限公司,20001-30000
测试工程师（Python/Shell/C++一个语言）,http://company.zhaopin.com/CC393070585.htm,灵动科技(北京)有限公司,10001-15000
Python开发工程师,http://company.zhaopin.com/CZ412756630.htm,领途教育咨询(北京)有限公司,10000-20000
Python开发工程师,http://company.zhaopin.com/P9/CC1201/5678/CC120156789.htm,东方兴业网络教育服务有限责任公司,7500-15000
Java/python/web前端开发工程师,http://company.zhaopin.com/CZ449350980.htm,北京托普云数据技术有限公司,6001-8000
python/java开发+包住,http://company.zhaopin.com/CZ449350980.htm,北京托普云数据技术有限公司,6001-8000
Python高级开发工程师,http://company.zhaopin.com/CZ120570220.htm,北京棣南新宇科技有限公司,15001-20000
系统开发工程师（php/java/python/perl）,http://company.zhaopin.com/P6/CC1458/6235/CC145862354.htm,北京赛尔汇力安全科技有限公司,10000-20000
Python高级开发工程师,http://company.zhaopin.com/CZ120570220.htm,北京棣南新宇科技有限公司,15001-20000
Python高级开发工程师,http://company.zhaopin.com/CZ120570220.htm,北京棣南新宇科技有限公司,15001-20000
python高级开发,http://company.zhaopin.com/CZ339557930.htm,北京富邦智慧物联科技有限公司,10000-20000
Python高级开发工程师,http://company.zhaopin.com/CZ120570220.htm,北京棣南新宇科技有限公司,15001-20000
Python高级开发工程师,http://company.zhaopin.com/CZ120570220.htm,北京棣南新宇科技有限公司,15001-20000
java/ui/python/h5实习生,http://company.zhaopin.com/CZ449350980.htm,北京托普云数据技术有限公司,6001-8000
python开发工程师,http://company.zhaopin.com/CC366553888.htm,大连信雅达软件有限公司北京办事处,10001-15000
高级Python工程师,http://company.zhaopin.com/CZ200376530.htm,慕华(北京)网络技术有限公司,20001-30000
python实习生/工程师,http://company.zhaopin.com/CZ449350980.htm,北京托普云数据技术有限公司,4001-6000
Python开发工程师,http://company.zhaopin.com/CZ503126180.htm,台州欧奇电子商务有限公司,30001-50000
Python技术经理,http://company.zhaopin.com/CC334247837.htm,北京新界教育科技有限公司,20001-30000
python数据分析工程师,http://company.zhaopin.com/CC280194480.htm,北京众蓝科技有限公司,15000-30000
高级Python工程师,http://company.zhaopin.com/CZ560828080.htm,北京优利森咨询服务有限公司,30001-50000
测试经理(001417),http://company.zhaopin.com/CZ697350520.htm,鸿合科技股份有限公司,15001-20000
WEB 前端开发工程师,http://company.zhaopin.com/CC488709835.htm,北京思博亚讯科技发展有限公司,8000-15000
爬虫工程师,http://company.zhaopin.com/CZ241755380.htm,北京因果树网络科技有限公司,15001-20000
技术支持工程师,http://special.zhaopin.com/pagepublish/30018788/index.html,北京广通信达软件股份有限公司杭州分公司,10000-20000
DBA工程师,http://company.zhaopin.com/CZ241755380.htm,北京因果树网络科技有限公司,15001-20000
JAVA软件开发实习生,http://company.zhaopin.com/CC647755625.htm,环球丝路(北京)国际教育科技有限公司,4500-8000
运维工程师（北京）,http://company.zhaopin.com/CC562114535.htm,深圳市源极光科技有限公司,8000-15000
运维工程师,http://special.zhaopin.com/campus/2017/bf/xsdz022346,新时代证券股份有限公司,15001-20000
BI开发工程师（BIS）,http://company.zhaopin.com/P2/CC2301/5281/CC230152813.htm,联科集团-联智科技（北京）有限公司,15000-18000
Java高级软件工程师,http://company.zhaopin.com/P2/CC2301/5281/CC230152813.htm,联科集团-联智科技（北京）有限公司,25000-35000
高级数据开发工程师,http://company.zhaopin.com/CC264404531.htm,北京千阳远望信息技术有限公司,20000-30000
测试实习生,http://company.zhaopin.com/CC443596787.htm,北京量子保科技有限公司,2001-4000
BI开发工程师,http://company.zhaopin.com/CC443596787.htm,北京量子保科技有限公司,20001-30000
大数据开发工程师 [北京],http://company.zhaopin.com/CC562114535.htm,深圳市源极光科技有限公司,20000-30000
数据分析师,http://company.zhaopin.com/CC410695681.htm,北京再来人华来荣信息技术有限公司,15001-20000
测试工程师（web测试）,http://company.zhaopin.com/CZ306517710.htm,脉讯在线(北京)信息技术有限公司,8000-15000
数据分析工程师,http://special.zhaopin.com/bj/2013/zkrk062859,中科软科技股份有限公司,10000-20000
后端开发实习生,http://special.zhaopin.com/campus/2016/bj/xyhd100965,新意互动CIG,1000-2000
用户研究员(000863),http://company.zhaopin.com/%E5%8C%97%E4%BA%AC%E8%9E%8D%E4%B8%96%E7%BA%AA%E4%BF%A1%E6%81%AF%E6%8A%80%E6%9C%AF%E6%9C%89%E9%99%90%E5%85%AC%E5%8F%B8_CC435840920.htm,北京融七牛信息技术有限公司,6001-8000
Web前端开发工程师,http://company.zhaopin.com/CZ411623220.htm,博雅云计算科技(北京)有限公司,15000-30000
项目经理（传媒事业部）,http://company.zhaopin.com/%E5%8C%97%E4%BA%AC%E6%99%BA%E6%85%A7%E6%98%9F%E5%85%89%E4%BF%A1%E6%81%AF%E6%8A%80%E6%9C%AF%E6%9C%89%E9%99%90%E5%85%AC%E5%8F%B8_CC467352913.htm,北京智慧星光信息技术有限公司,15000-25000
JAVA软件工程师/高级工程师,http://company.zhaopin.com/CC265698431.htm,中存软件(北京)有限公司,8000-12000
算法工程师,http://company.zhaopin.com/%E5%8C%97%E4%BA%AC%E6%B5%B7%E5%8D%9A%E6%80%9D%E5%88%9B%E7%A7%91%E6%8A%80%E6%9C%89%E9%99%90%E5%85%AC%E5%8F%B8_CC450682916.htm,北京海博思创科技有限公司,20001-30000
运维工程师,http://company.zhaopin.com/CZ312430610.htm,优讯时代(北京)网络技术有限公司,4001-6000
高级测试工程师,http://company.zhaopin.com/CZ697581820.htm,环球合一网络技术(北京)股份有限公司,15000-25000
GO开发工程师,http://company.zhaopin.com/CZ593748320.htm,中思博安科技(北京)有限公司,20000-40000
高级运维工程师,http://company.zhaopin.com/CZ593748320.htm,中思博安科技(北京)有限公司,15000-30000
测试工程师,http://company.zhaopin.com/CZ593748320.htm,中思博安科技(北京)有限公司,15000-30000
区块链基础平台开发工程师,http://company.zhaopin.com/CZ593748320.htm,中思博安科技(北京)有限公司,20000-40000
前端测试工程师,http://special.zhaopin.com/2016/bf/bjhq040572,环球天下教育科技集团,15001-20000
大数据平台架构工程师,http://company.zhaopin.com/CC680472826.htm,证联支付有限责任公司北京分公司,25000-45000
中级前端开发工程师,http://company.zhaopin.com/CZ261047280.htm,北京东奥华宇国际教育科技有限公司,10001-15000
linux运维,http://company.zhaopin.com/CC229671583.htm,北京深思数盾科技股份有限公司,10000-20000
高级Linux运维工程师,http://company.zhaopin.com/CC229671583.htm,北京深思数盾科技股份有限公司,15000-25000
图像识别算法工程师（上地）,http://company.zhaopin.com/%E5%8E%A6%E9%97%A8%E4%B8%80%E5%93%81%E5%A8%81%E5%AE%A2%E7%BD%91%E7%BB%9C%E7%A7%91%E6%8A%80%E6%9C%89%E9%99%90%E5%85%AC%E5%8F%B8_CC383511923.htm,厦门一品威客网络科技股份有限公司,25000-35000
数据分析师,http://company.zhaopin.com/CC287510633.htm,北京中兴通控股有限公司,15000-25000
高级后端开发工程师,http://special.zhaopin.com/pagepublish/14716494/index.html,北京简单科技有限公司,15000-30000
中级后端开发工程师,http://special.zhaopin.com/pagepublish/14716494/index.html,北京简单科技有限公司,10000-20000
Web测试工程师,http://special.zhaopin.com/pagepublish/14716494/index.html,北京简单科技有限公司,6000-10000
安全实习生,http://company.zhaopin.com/CZ688310720.htm,易鑫集团,2001-4000
运维工程师,http://special.zhaopin.com/pagepublish/44440521/index.html,共青团中央网络影视中心,10001-15000
Java研发工程师(急招),http://company.zhaopin.com/CZ120227020.htm,北京农信互联科技有限公司,10001-15000
配置管理员,http://company.zhaopin.com/CC671035922.htm,上海艾融软件股份有限公司,10001-15000
爬虫工程师,http://special.zhaopin.com/pagepublish/40462968/index.html,武汉彩糖科技有限公司,8001-10000
linux工程师,http://company.zhaopin.com/P9/CC0004/4018/CC000440185.htm,北京昆仑联通科技发展股份有限公司,10001-15000
中级java服务器开发工程师,http://special.zhaopin.com/pagepublish/24846601/index.html,同辉佳视(北京)信息技术股份有限公司,13000-20000
高光谱仪技术工程师,http://company.zhaopin.com/CZ162613620.htm,北京安洲科技有限公司,7000-10000
红外发射率仪销售经理,http://company.zhaopin.com/CZ162613620.htm,北京安洲科技有限公司,6001-8000
应用运维工程师,http://company.zhaopin.com/CZ583338080.htm,北京中盾安信科技发展有限公司,10000-12000
深度学习算法工程师,http://company.zhaopin.com/CC687868788.htm,北京星客合创信息科技研究院(有限合伙),15000-30000
数据挖掘工程师,http://company.zhaopin.com/CZ410758680.htm,北京灵智优诺科技有限公司,20001-30000
区块链研发高级工程师,http://company.zhaopin.com/CC216494030.htm,顺丰科技有限公司,面议
软件工程师,http://company.zhaopin.com/CZ385727330.htm,北京声智科技有限公司,8000-16000
仪器技术工程师,http://company.zhaopin.com/CZ162613620.htm,北京安洲科技有限公司,7000-10000
job,web,com,salary
python后端工程师,http://company.zhaopin.com/CC324103522.htm,清华大学交通研究所,15000-25000
python开发工程师 [北京],http://company.zhaopin.com/CC562114535.htm,深圳市源极光科技有限公司,15000-20000
Python开发工程师,http://company.zhaopin.com/CZ312198010.htm,西藏国路安科技股份有限公司,10000-20000
Python开发工程师,http://company.zhaopin.com/P9/CC0006/4518/CC000645187.htm,普天信息技术有限公司,8000-15000
Python开发工程师,http://company.zhaopin.com/CZ300255130.htm,贝壳找房,25000-50000
python开发工程师,http://company.zhaopin.com/CC424188188.htm,大连斯锐信息技术有限公司,10001-15000
童程金牌讲师--Java，Python (MJ003366),http://special.zhaopin.com/bj/2010/Dn092512/index.html,北京达内金桥科技有限公司1,15000-25000
Python讲师,http://company.zhaopin.com/CZ390261410.htm,北京千锋互联科技有限公司,15000-25000
Python讲师 (MJ003642),http://special.zhaopin.com/bj/2010/Dn092512/index.html,北京达内金桥科技有限公司1,15000-30000
Python开发工程师 (MJ004387),http://special.zhaopin.com/bj/2010/Dn092512/index.html,北京达内金桥科技有限公司1,15000-25000
Python开发工程师,http://company.zhaopin.com/CZ414704830.htm,北京汉迪移动互联网科技股份有限公司,15000-30000
python工程师（工程部）,http://company.zhaopin.com/CC554174721.htm,数据堂(北京)科技股份有限公司,10001-15000
python开发,http://company.zhaopin.com/CZ241587280.htm,壕鑫互联(北京)网络科技有限公司,20000-25000
python开发,http://special.zhaopin.com/pagepublish/12014748/index.html,联动优势科技有限公司,10001-15000
Python老师,http://company.zhaopin.com/P9/CC1345/0348/CC134503487.htm,北京华信智原教育技术有限公司,15001-20000
Python 高级开发工程师,http://company.zhaopin.com/CZ120227020.htm,北京农信互联科技有限公司,15001-20000
高级Python开发工程师（网安）,http://company.zhaopin.com/P8/CC1313/4347/CC131343479.htm,任子行网络技术股份有限公司北京分公司,15000-25000
Python开发工程师（北京）,http://company.zhaopin.com/CZ544024680.htm,深圳市前海谷雨网络科技有限公司,10000-20000
Python研发工程师,http://company.zhaopin.com/CC313785038.htm,上海诚信互通网络信息科技有限公司,15000-30000
Python项目经理,http://special.zhaopin.com/pagepublish/18796562/index.html,北京八维研修学院,18000-35000
python开发工程师,http://company.zhaopin.com/P1/CC1201/0710/CC120107107.htm,中盈优创资讯科技有限公司,7500-15000
Python开发工程师,http://company.zhaopin.com/%E7%AB%8B%E4%BF%A1%E4%BC%9A%E8%AE%A1%E5%B8%88%E4%BA%8B%E5%8A%A1%E6%89%80%28%E7%89%B9%E6%AE%8A%E6%99%AE%E9%80%9A%E5%90%88%E4%BC%99%29%E5%8C%97%E4%BA%AC%E5%88%86%E6%89%80_CC464802915.htm,立信会计师事务所(特殊普通合伙)北京分所,15001-20000
研发工程师-Python,http://special.zhaopin.com/pagepublish/19017681/index.html,竞技世界(北京)网络技术有限公司,6001-8000
Python开发工程师,http://company.zhaopin.com/CZ492400930.htm,北京缔联科技有限公司,8000-15000
算法工程师（Java/Scala/Python/R方向）,http://company.zhaopin.com/CC213935487.htm,北京中能博泰科技有限公司,15001-20000
中级Python开发工程师,http://company.zhaopin.com/CC320489439.htm,北京赛宁网安科技有限公司,15001-20000
核心业务部门_Python工程师,http://company.zhaopin.com/CC120747254.htm,北京思特奇信息技术股份有限公司,8001-10000
Python开发工程师,http://special.zhaopin.com/bj/2013/zkrk062859,中科软科技股份有限公司,8000-12000
Python-西二旗（联想）-ERP(1019),http://special.zhaopin.com/pagepublish/12053534/index.html,北京联想利泰软件有限公司,10001-15000
python人工智能定岗实习生,http://company.zhaopin.com/CZ449350980.htm,北京托普云数据技术有限公司,6001-8000
Python/Golang/Linux C/中高级研发工程师,http://special.zhaopin.com/pagepublish/13761518/job.html,北京傲盾软件有限责任公司,6001-8000
Java/python/web实训生,http://company.zhaopin.com/CZ449350980.htm,北京托普云数据技术有限公司,4001-6000
高级Python WEB工程师（SAAS方向）,http://company.zhaopin.com/CC320449689.htm,易思互动(北京)科技有限公司,20000-35000
Python数据工程师,http://company.zhaopin.com/CC320449689.htm,易思互动(北京)科技有限公司,12000-24000
PYTHON软件工程师,http://company.zhaopin.com/CC430354722.htm,中国科学院信息工程研究所,8000-12000
高级python研发工程师,http://company.zhaopin.com/CC688947920.htm,北京云途腾科技有限责任公司,15000-25000
python开发工程师+包住,http://company.zhaopin.com/CZ449350980.htm,北京托普云数据技术有限公司,6001-8000
python爬虫工程师,http://company.zhaopin.com/CC421475684.htm,北京神州云合数据科技发展有限公司,10000-20000
python软件开发实训生,http://company.zhaopin.com/CZ449350980.htm,北京托普云数据技术有限公司,6001-8000
python服务端开发工程师,http://company.zhaopin.com/CZ288485880.htm,混沌时代(北京)教育科技有限公司,20001-30000
测试工程师（Python/Shell/C++一个语言）,http://company.zhaopin.com/CC393070585.htm,灵动科技(北京)有限公司,10001-15000
Python开发工程师,http://company.zhaopin.com/CZ412756630.htm,领途教育咨询(北京)有限公司,10000-20000
Python开发工程师,http://company.zhaopin.com/P9/CC1201/5678/CC120156789.htm,东方兴业网络教育服务有限责任公司,7500-15000
Java/python/web前端开发工程师,http://company.zhaopin.com/CZ449350980.htm,北京托普云数据技术有限公司,6001-8000
python/java开发+包住,http://company.zhaopin.com/CZ449350980.htm,北京托普云数据技术有限公司,6001-8000
Python高级开发工程师,http://company.zhaopin.com/CZ120570220.htm,北京棣南新宇科技有限公司,15001-20000
系统开发工程师（php/java/python/perl）,http://company.zhaopin.com/P6/CC1458/6235/CC145862354.htm,北京赛尔汇力安全科技有限公司,10000-20000
Python高级开发工程师,http://company.zhaopin.com/CZ120570220.htm,北京棣南新宇科技有限公司,15001-20000
Python高级开发工程师,http://company.zhaopin.com/CZ120570220.htm,北京棣南新宇科技有限公司,15001-20000
python高级开发,http://company.zhaopin.com/CZ339557930.htm,北京富邦智慧物联科技有限公司,10000-20000
Python高级开发工程师,http://company.zhaopin.com/CZ120570220.htm,北京棣南新宇科技有限公司,15001-20000
Python高级开发工程师,http://company.zhaopin.com/CZ120570220.htm,北京棣南新宇科技有限公司,15001-20000
java/ui/python/h5实习生,http://company.zhaopin.com/CZ449350980.htm,北京托普云数据技术有限公司,6001-8000
python开发工程师,http://company.zhaopin.com/CC366553888.htm,大连信雅达软件有限公司北京办事处,10001-15000
高级Python工程师,http://company.zhaopin.com/CZ200376530.htm,慕华(北京)网络技术有限公司,20001-30000
python实习生/工程师,http://company.zhaopin.com/CZ449350980.htm,北京托普云数据技术有限公司,4001-6000
Python开发工程师,http://company.zhaopin.com/CZ503126180.htm,台州欧奇电子商务有限公司,30001-50000
Python技术经理,http://company.zhaopin.com/CC334247837.htm,北京新界教育科技有限公司,20001-30000
python数据分析工程师,http://company.zhaopin.com/CC280194480.htm,北京众蓝科技有限公司,15000-30000
高级Python工程师,http://company.zhaopin.com/CZ560828080.htm,北京优利森咨询服务有限公司,30001-50000
python后端工程师,http://company.zhaopin.com/CC324103522.htm,清华大学交通研究所,15000-25000
python开发工程师 [北京],http://company.zhaopin.com/CC562114535.htm,深圳市源极光科技有限公司,15000-20000
Python开发工程师,http://company.zhaopin.com/CZ312198010.htm,西藏国路安科技股份有限公司,10000-20000
Python开发工程师,http://company.zhaopin.com/P9/CC0006/4518/CC000645187.htm,普天信息技术有限公司,8000-15000
Python开发工程师,http://company.zhaopin.com/CZ300255130.htm,贝壳找房,25000-50000
python开发工程师,http://company.zhaopin.com/CC424188188.htm,大连斯锐信息技术有限公司,10001-15000
童程金牌讲师--Java，Python (MJ003366),http://special.zhaopin.com/bj/2010/Dn092512/index.html,北京达内金桥科技有限公司1,15000-25000
Python讲师,http://company.zhaopin.com/CZ390261410.htm,北京千锋互联科技有限公司,15000-25000
Python开发工程师 (MJ004387),http://special.zhaopin.com/bj/2010/Dn092512/index.html,北京达内金桥科技有限公司1,15000-25000
Python讲师 (MJ003642),http://special.zhaopin.com/bj/2010/Dn092512/index.html,北京达内金桥科技有限公司1,15000-30000
Python开发工程师,http://company.zhaopin.com/CZ414704830.htm,北京汉迪移动互联网科技股份有限公司,15000-30000
python工程师（工程部）,http://company.zhaopin.com/CC554174721.htm,数据堂(北京)科技股份有限公司,10001-15000
python开发,http://company.zhaopin.com/CZ241587280.htm,壕鑫互联(北京)网络科技有限公司,20000-25000
python开发,http://special.zhaopin.com/pagepublish/12014748/index.html,联动优势科技有限公司,10001-15000
Python老师,http://company.zhaopin.com/P9/CC1345/0348/CC134503487.htm,北京华信智原教育技术有限公司,15001-20000
Python 高级开发工程师,http://company.zhaopin.com/CZ120227020.htm,北京农信互联科技有限公司,15001-20000
高级Python开发工程师（网安）,http://company.zhaopin.com/P8/CC1313/4347/CC131343479.htm,任子行网络技术股份有限公司北京分公司,15000-25000
Python开发工程师（北京）,http://company.zhaopin.com/CZ544024680.htm,深圳市前海谷雨网络科技有限公司,10000-20000
Python项目经理,http://special.zhaopin.com/pagepublish/18796562/index.html,北京八维研修学院,18000-35000
python开发工程师,http://company.zhaopin.com/P1/CC1201/0710/CC120107107.htm,中盈优创资讯科技有限公司,7500-15000
Python研发工程师,http://company.zhaopin.com/CC313785038.htm,上海诚信互通网络信息科技有限公司,15000-30000
Python开发工程师,http://company.zhaopin.com/CZ492400930.htm,北京缔联科技有限公司,8000-15000
研发工程师-Python,http://special.zhaopin.com/pagepublish/19017681/index.html,竞技世界(北京)网络技术有限公司,6001-8000
Python开发工程师,http://company.zhaopin.com/%E7%AB%8B%E4%BF%A1%E4%BC%9A%E8%AE%A1%E5%B8%88%E4%BA%8B%E5%8A%A1%E6%89%80%28%E7%89%B9%E6%AE%8A%E6%99%AE%E9%80%9A%E5%90%88%E4%BC%99%29%E5%8C%97%E4%BA%AC%E5%88%86%E6%89%80_CC464802915.htm,立信会计师事务所(特殊普通合伙)北京分所,15001-20000
算法工程师（Java/Scala/Python/R方向）,http://company.zhaopin.com/CC213935487.htm,北京中能博泰科技有限公司,15001-20000
中级Python开发工程师,http://company.zhaopin.com/CC320489439.htm,北京赛宁网安科技有限公司,15001-20000
Python-西二旗（联想）-ERP(1019),http://special.zhaopin.com/pagepublish/12053534/index.html,北京联想利泰软件有限公司,10001-15000
Python开发工程师,http://special.zhaopin.com/bj/2013/zkrk062859,中科软科技股份有限公司,8000-12000
核心业务部门_Python工程师,http://company.zhaopin.com/CC120747254.htm,北京思特奇信息技术股份有限公司,8001-10000
python人工智能定岗实习生,http://company.zhaopin.com/CZ449350980.htm,北京托普云数据技术有限公司,6001-8000
Python/Golang/Linux C/中高级研发工程师,http://special.zhaopin.com/pagepublish/13761518/job.html,北京傲盾软件有限责任公司,6001-8000
Java/python/web实训生,http://company.zhaopin.com/CZ449350980.htm,北京托普云数据技术有限公司,4001-6000
高级Python WEB工程师（SAAS方向）,http://company.zhaopin.com/CC320449689.htm,易思互动(北京)科技有限公司,20000-35000
Python数据工程师,http://company.zhaopin.com/CC320449689.htm,易思互动(北京)科技有限公司,12000-24000
python服务端开发工程师,http://company.zhaopin.com/CZ288485880.htm,混沌时代(北京)教育科技有限公司,20001-30000
高级python研发工程师,http://company.zhaopin.com/CC688947920.htm,北京云途腾科技有限责任公司,15000-25000
python爬虫工程师,http://company.zhaopin.com/CC421475684.htm,北京神州云合数据科技发展有限公司,10000-20000
python软件开发实训生,http://company.zhaopin.com/CZ449350980.htm,北京托普云数据技术有限公司,6001-8000
PYTHON软件工程师,http://company.zhaopin.com/CC430354722.htm,中国科学院信息工程研究所,8000-12000
python开发工程师+包住,http://company.zhaopin.com/CZ449350980.htm,北京托普云数据技术有限公司,6001-8000
Python开发工程师,http://company.zhaopin.com/P9/CC1201/5678/CC120156789.htm,东方兴业网络教育服务有限责任公司,7500-15000
python/java开发+包住,http://company.zhaopin.com/CZ449350980.htm,北京托普云数据技术有限公司,6001-8000
测试工程师（Python/Shell/C++一个语言）,http://company.zhaopin.com/CC393070585.htm,灵动科技(北京)有限公司,10001-15000
Java/python/web前端开发工程师,http://company.zhaopin.com/CZ449350980.htm,北京托普云数据技术有限公司,6001-8000
Python开发工程师,http://company.zhaopin.com/CZ412756630.htm,领途教育咨询(北京)有限公司,10000-20000
Python高级开发工程师,http://company.zhaopin.com/CZ120570220.htm,北京棣南新宇科技有限公司,15001-20000
Python高级开发工程师,http://company.zhaopin.com/CZ120570220.htm,北京棣南新宇科技有限公司,15001-20000
Python高级开发工程师,http://company.zhaopin.com/CZ120570220.htm,北京棣南新宇科技有限公司,15001-20000
系统开发工程师（php/java/python/perl）,http://company.zhaopin.com/P6/CC1458/6235/CC145862354.htm,北京赛尔汇力安全科技有限公司,10000-20000
python高级开发,http://company.zhaopin.com/CZ339557930.htm,北京富邦智慧物联科技有限公司,10000-20000
Python高级开发工程师,http://company.zhaopin.com/CZ120570220.htm,北京棣南新宇科技有限公司,15001-20000
Python高级开发工程师,http://company.zhaopin.com/CZ120570220.htm,北京棣南新宇科技有限公司,15001-20000
java/ui/python/h5实习生,http://company.zhaopin.com/CZ449350980.htm,北京托普云数据技术有限公司,6001-8000
python开发工程师,http://company.zhaopin.com/CC366553888.htm,大连信雅达软件有限公司北京办事处,10001-15000
高级Python工程师,http://company.zhaopin.com/CZ200376530.htm,慕华(北京)网络技术有限公司,20001-30000
python实习生/工程师,http://company.zhaopin.com/CZ449350980.htm,北京托普云数据技术有限公司,4001-6000
Python开发工程师,http://company.zhaopin.com/CZ503126180.htm,台州欧奇电子商务有限公司,30001-50000
Python技术经理,http://company.zhaopin.com/CC334247837.htm,北京新界教育科技有限公司,20001-30000
python数据分析工程师,http://company.zhaopin.com/CC280194480.htm,北京众蓝科技有限公司,15000-30000
高级Python工程师,http://company.zhaopin.com/CZ560828080.htm,北京优利森咨询服务有限公司,30001-50000
运维工程师,http://company.zhaopin.com/CC311251934.htm,智慧互通科技有限公司,10001-15000
测试经理(001417),http://company.zhaopin.com/CZ697350520.htm,鸿合科技股份有限公司,15001-20000
WEB 前端开发工程师,http://company.zhaopin.com/CC488709835.htm,北京思博亚讯科技发展有限公司,8000-15000
爬虫工程师,http://company.zhaopin.com/CZ241755380.htm,北京因果树网络科技有限公司,15001-20000
技术支持工程师,http://special.zhaopin.com/pagepublish/30018788/index.html,北京广通信达软件股份有限公司杭州分公司,10000-20000
DBA工程师,http://company.zhaopin.com/CZ241755380.htm,北京因果树网络科技有限公司,15001-20000
JAVA软件开发实习生,http://company.zhaopin.com/CC647755625.htm,环球丝路(北京)国际教育科技有限公司,4500-8000
运维工程师（北京）,http://company.zhaopin.com/CC562114535.htm,深圳市源极光科技有限公司,8000-15000
运维工程师,http://special.zhaopin.com/campus/2017/bf/xsdz022346,新时代证券股份有限公司,15001-20000
BI开发工程师（BIS）,http://company.zhaopin.com/P2/CC2301/5281/CC230152813.htm,联科集团-联智科技（北京）有限公司,15000-18000
Java高级软件工程师,http://company.zhaopin.com/P2/CC2301/5281/CC230152813.htm,联科集团-联智科技（北京）有限公司,25000-35000
高级数据开发工程师,http://company.zhaopin.com/CC264404531.htm,北京千阳远望信息技术有限公司,20000-30000
BI开发工程师,http://company.zhaopin.com/CC443596787.htm,北京量子保科技有限公司,20001-30000
测试实习生,http://company.zhaopin.com/CC443596787.htm,北京量子保科技有限公司,2001-4000
大数据开发工程师 [北京],http://company.zhaopin.com/CC562114535.htm,深圳市源极光科技有限公司,20000-30000
数据分析师,http://company.zhaopin.com/CC410695681.htm,北京再来人华来荣信息技术有限公司,15001-20000
测试工程师（web测试）,http://company.zhaopin.com/CZ306517710.htm,脉讯在线(北京)信息技术有限公司,8000-15000
数据分析工程师,http://special.zhaopin.com/bj/2013/zkrk062859,中科软科技股份有限公司,10000-20000
后端开发实习生,http://special.zhaopin.com/campus/2016/bj/xyhd100965,新意互动CIG,1000-2000
用户研究员(000863),http://company.zhaopin.com/%E5%8C%97%E4%BA%AC%E8%9E%8D%E4%B8%96%E7%BA%AA%E4%BF%A1%E6%81%AF%E6%8A%80%E6%9C%AF%E6%9C%89%E9%99%90%E5%85%AC%E5%8F%B8_CC435840920.htm,北京融七牛信息技术有限公司,6001-8000
Web前端开发工程师,http://company.zhaopin.com/CZ411623220.htm,博雅云计算科技(北京)有限公司,15000-30000
项目经理（传媒事业部）,http://company.zhaopin.com/%E5%8C%97%E4%BA%AC%E6%99%BA%E6%85%A7%E6%98%9F%E5%85%89%E4%BF%A1%E6%81%AF%E6%8A%80%E6%9C%AF%E6%9C%89%E9%99%90%E5%85%AC%E5%8F%B8_CC467352913.htm,北京智慧星光信息技术有限公司,15000-25000
JAVA软件工程师/高级工程师,http://company.zhaopin.com/CC265698431.htm,中存软件(北京)有限公司,8000-12000
算法工程师,http://company.zhaopin.com/%E5%8C%97%E4%BA%AC%E6%B5%B7%E5%8D%9A%E6%80%9D%E5%88%9B%E7%A7%91%E6%8A%80%E6%9C%89%E9%99%90%E5%85%AC%E5%8F%B8_CC450682916.htm,北京海博思创科技有限公司,20001-30000
运维工程师,http://company.zhaopin.com/CZ312430610.htm,优讯时代(北京)网络技术有限公司,4001-6000
高级测试工程师,http://company.zhaopin.com/CZ697581820.htm,环球合一网络技术(北京)股份有限公司,15000-25000
高级运维工程师,http://company.zhaopin.com/CZ593748320.htm,中思博安科技(北京)有限公司,15000-30000
测试工程师,http://company.zhaopin.com/CZ593748320.htm,中思博安科技(北京)有限公司,15000-30000
区块链基础平台开发工程师,http://company.zhaopin.com/CZ593748320.htm,中思博安科技(北京)有限公司,20000-40000
GO开发工程师,http://company.zhaopin.com/CZ593748320.htm,中思博安科技(北京)有限公司,20000-40000
前端测试工程师,http://special.zhaopin.com/2016/bf/bjhq040572,环球天下教育科技集团,15001-20000
大数据平台架构工程师,http://company.zhaopin.com/CC680472826.htm,证联支付有限责任公司北京分公司,25000-45000
中级前端开发工程师,http://company.zhaopin.com/CZ261047280.htm,北京东奥华宇国际教育科技有限公司,10001-15000
高级Linux运维工程师,http://company.zhaopin.com/CC229671583.htm,北京深思数盾科技股份有限公司,15000-25000
linux运维,http://company.zhaopin.com/CC229671583.htm,北京深思数盾科技股份有限公司,10000-20000
图像识别算法工程师（上地）,http://company.zhaopin.com/%E5%8E%A6%E9%97%A8%E4%B8%80%E5%93%81%E5%A8%81%E5%AE%A2%E7%BD%91%E7%BB%9C%E7%A7%91%E6%8A%80%E6%9C%89%E9%99%90%E5%85%AC%E5%8F%B8_CC383511923.htm,厦门一品威客网络科技股份有限公司,25000-35000
数据分析师,http://company.zhaopin.com/CC287510633.htm,北京中兴通控股有限公司,15000-25000
中级后端开发工程师,http://special.zhaopin.com/pagepublish/14716494/index.html,北京简单科技有限公司,10000-20000
Web测试工程师,http://special.zhaopin.com/pagepublish/14716494/index.html,北京简单科技有限公司,6000-10000
高级后端开发工程师,http://special.zhaopin.com/pagepublish/14716494/index.html,北京简单科技有限公司,15000-30000
安全实习生,http://company.zhaopin.com/CZ688310720.htm,易鑫集团,2001-4000
运维工程师,http://special.zhaopin.com/pagepublish/44440521/index.html,共青团中央网络影视中心,10001-15000
Java研发工程师(急招),http://company.zhaopin.com/CZ120227020.htm,北京农信互联科技有限公司,10001-15000
配置管理员,http://company.zhaopin.com/CC671035922.htm,上海艾融软件股份有限公司,10001-15000
爬虫工程师,http://special.zhaopin.com/pagepublish/40462968/index.html,武汉彩糖科技有限公司,8001-10000
linux工程师,http://company.zhaopin.com/P9/CC0004/4018/CC000440185.htm,北京昆仑联通科技发展股份有限公司,10001-15000
中级java服务器开发工程师,http://special.zhaopin.com/pagepublish/24846601/index.html,同辉佳视(北京)信息技术股份有限公司,13000-20000
高光谱仪技术工程师,http://company.zhaopin.com/CZ162613620.htm,北京安洲科技有限公司,7000-10000
红外发射率仪销售经理,http://company.zhaopin.com/CZ162613620.htm,北京安洲科技有限公司,6001-8000
应用运维工程师,http://company.zhaopin.com/CZ583338080.htm,北京中盾安信科技发展有限公司,10000-12000
深度学习算法工程师,http://company.zhaopin.com/CC687868788.htm,北京星客合创信息科技研究院(有限合伙),15000-30000
数据挖掘工程师,http://company.zhaopin.com/CZ410758680.htm,北京灵智优诺科技有限公司,20001-30000
区块链研发高级工程师,http://company.zhaopin.com/CC216494030.htm,顺丰科技有限公司,面议
软件工程师,http://company.zhaopin.com/CZ385727330.htm,北京声智科技有限公司,8000-16000
仪器技术工程师,http://company.zhaopin.com/CZ162613620.htm,北京安洲科技有限公司,7000-10000
Java开发工程师――解决北京户口,http://special.zhaopin.com/pagepublish/12035373/index.html,北京华夏电通科技有限公司,9000-18000
科学家,http://company.zhaopin.com/CZ593748320.htm,中思博安科技(北京)有限公司,30000-60000
配置管理员,http://company.zhaopin.com/CC512725480.htm,东方微银网络信息(北京)有限公司深圳分公司,8001-10000
大数据研发高级工程师(SparkStreaming),http://company.zhaopin.com/CC216494030.htm,顺丰科技有限公司,面议
机器学习算法工程师,http://company.zhaopin.com/P9/CC0006/4518/CC000645187.htm,普天信息技术有限公司,10001-15000
机器学习算法工程师,http://company.zhaopin.com/P9/CC0006/4518/CC000645187.htm,普天信息技术有限公司,10001-15000
算法高级工程师-R-ADP-I2-061,http://special.zhaopin.com/pagepublish/15770982/index.html,北京立思辰科技股份有限公司,12000-20000
数据仓库工程师,http://company.zhaopin.com/CZ312198010.htm,西藏国路安科技股份有限公司,10000-20000
前端开发工程师--互金,http://company.zhaopin.com/%E5%8C%97%E4%BA%AC%E5%BC%80%E7%A7%91%E5%94%AF%E8%AF%86%E6%8A%80%E6%9C%AF%E6%9C%89%E9%99%90%E5%85%AC%E5%8F%B8_CC378142223.htm,北京开科唯识技术有限公司,10001-15000
初级C++工程师,http://company.zhaopin.com/P8/CC1206/6667/CC120666677.htm,北京冠群信息技术股份有限公司,6001-8000
iOS开发工程师,http://company.zhaopin.com/CZ571323520.htm,北京华美汉盛信息技术有限公司,8000-12000
进站博士后（大数据处理方向）,http://special.zhaopin.com/bj/2010/ssxx110228/index.htm,北京尚水信息技术股份有限公司,10001-15000
C++开发工程师,http://company.zhaopin.com/CC290780988.htm,北京睿思奥图智能科技有限公司,15000-25000
ASIC STA工程师-北京,http://special.zhaopin.com/sh/2009/zhanxin031617/index.htm,展讯通信(上海)有限公司,15000-30000
自然语言处理(NLP)工程师,http://company.zhaopin.com/%E5%8C%97%E4%BA%AC%E8%9E%8D%E6%B1%87%E9%87%91%E4%BF%A1%E4%BF%A1%E6%81%AF%E6%8A%80%E6%9C%AF%E6%9C%89%E9%99%90%E5%85%AC%E5%8F%B8_CC467867710.htm,北京融汇金信信息技术有限公司,100001-150000
模型经理,http://company.zhaopin.com/CC512725480.htm,东方微银网络信息(北京)有限公司深圳分公司,15000-30000
ETL 开发工程师,http://company.zhaopin.com/CZ155417410.htm,北京元年科技股份有限公司,10001-15000
数据分析研发工程师（JAVA）,http://company.zhaopin.com/P9/CC0006/4518/CC000645187.htm,普天信息技术有限公司,10001-15000
云计算运维工程师,http://company.zhaopin.com/P9/CC0006/4518/CC000645187.htm,普天信息技术有限公司,8001-10000
高级机器学习算法工程师,http://company.zhaopin.com/CC608611981.htm,北京中科虹星科技有限公司,16000-32000
光谱仪销售助理,http://company.zhaopin.com/CZ162613620.htm,北京安洲科技有限公司,6000-8000
运维工程师,http://company.zhaopin.com/CC599986429.htm,北京安软信息科技有限公司,4001-6000
测试工程师,http://company.zhaopin.com/CZ665583630.htm,佰纳软创科技(北京)有限公司,5000-8000
芯片验证工程师,http://company.zhaopin.com/CC327769832.htm,北京嘉楠捷思信息技术有限公司,10001-15000
大数据工程师,http://company.zhaopin.com/CZ677171020.htm,巧达科技(北京)有限公司,20000-40000
技术经理（LHTD）,http://company.zhaopin.com/P2/CC2301/5281/CC230152813.htm,联科集团-联智科技（北京）有限公司,30000-50000
云计算开发工程师,http://company.zhaopin.com/CZ257223630.htm,北京允睿讯通科技有限公司,15001-20000
ELK研发工程师,http://company.zhaopin.com/CZ219167780.htm,北京得力助手信息技术有限公司,8000-16000
DBA,redirecturl?url=http%3a%2f%2fmaker.haier.net%2fcustompage%2findex%2findex.html%3fplatformcode%3dzl&amp;cc=CC121066847J90317644000&amp;sign=B38039DCD217B30005602D61F2BEE9C2,海尔集团公司,面议
网络安全工程师,http://company.zhaopin.com/CZ120130160.htm,北京宏基恒信科技有限责任公司,20001-30000
高级数据仓库工程师,http://special.zhaopin.com/pagepublish/37420601/index.html,龙信数据(北京)有限公司,15001-20000
图像处理算法工程师,http://company.zhaopin.com/CC608611981.htm,北京中科虹星科技有限公司,10000-20000
资深芯片验证工程师,http://company.zhaopin.com/CC327769832.htm,北京嘉楠捷思信息技术有限公司,15001-20000
ROS系统研发工程师,http://company.zhaopin.com/%E6%B8%85%E6%8A%95%E8%A7%86%E8%AE%AF%28%E5%8C%97%E4%BA%AC%29%E7%A7%91%E6%8A%80%E6%9C%89%E9%99%90%E5%85%AC%E5%8F%B8_CC182374529.htm,清投智能(北京)科技有限公司,10001-15000
React-native/RN开发工程师,redirecturl?url=http%3a%2f%2fmaker.haier.net%2fcustompage%2findex%2findex.html%3fplatformcode%3dzl&amp;cc=CC121066847J00044132010&amp;sign=B38039DCD217B30005602D61F2BEE9C2,海尔集团公司,面议
机器人软件工程师（导航方向）,http://company.zhaopin.com/CC290780988.htm,北京睿思奥图智能科技有限公司,15000-25000
运维工程师(偏大数据方向),http://company.zhaopin.com/CC120609234.htm,中寰卫星导航通信有限公司,15000-30000
质量工程师,http://company.zhaopin.com/CZ219167780.htm,北京得力助手信息技术有限公司,6000-10000
气象高级研发工程师,http://special.zhaopin.com/pagepublish/12065792/index.html,北京维艾思气象信息科技有限公司,10001-15000
高级数据挖掘工程师,http://company.zhaopin.com/CZ300255130.htm,贝壳找房,30001-50000
视觉算法工程师,http://company.zhaopin.com/CZ300255130.htm,贝壳找房,20000-40000
PHP资深工程师,http://company.zhaopin.com/CZ300255130.htm,贝壳找房,30001-50000
策略工程研发工程师,http://company.zhaopin.com/CZ300255130.htm,贝壳找房,30000-50000
策略工程研发工程师,http://company.zhaopin.com/CZ300255130.htm,贝壳找房,15000-30000
测试开发工程师,http://company.zhaopin.com/CZ300255130.htm,贝壳找房,20000-40000
测试开发工程师,http://company.zhaopin.com/CZ300255130.htm,贝壳找房,15001-20000
高级特效师,http://company.zhaopin.com/CC390478581.htm,北京春天影视科技有限公司,10001-15000
人工智能与机器学习工程师,http://company.zhaopin.com/CC216494030.htm,顺丰科技有限公司,面议
Linux服务端实习生（接受转行）,http://company.zhaopin.com/CC567369733.htm,北京欣如信科技有限公司,6001-8000
大数据挖掘与分析工程师,http://company.zhaopin.com/CC216494030.htm,顺丰科技有限公司,面议
linux运维（百度定岗实习生）,http://company.zhaopin.com/CC567369733.htm,北京欣如信科技有限公司,6001-8000
高级研发工程师（Openstack）,http://company.zhaopin.com/CZ608869220.htm,北京金山云网络技术有限公司,15000-30000
配置管理工程师,http://company.zhaopin.com/CC419073231.htm,北京鼎阅广告传媒有限责任公司,10001-15000
算法工程师,redirecturl?url=http%3a%2f%2fmaker.haier.net%2fcustompage%2findex%2findex.html%3fplatformcode%3dzl&amp;cc=CC121066847J90315369000&amp;sign=B38039DCD217B30005602D61F2BEE9C2,海尔集团公司,面议
数据分析师,http://special.zhaopin.com/bj/2015/hc032014/enter.html,北京恒昌利通投资管理有限公司,面议
云计算开发实习生,http://company.zhaopin.com/CC567369733.htm,北京欣如信科技有限公司,6001-8000
AI系统工程师,http://inspur.zhaopin.com/,浪潮集团有限公司,10000-20000
java架构师,http://special.zhaopin.com/bj/2015/hc032014/enter.html,北京恒昌利通投资管理有限公司,面议
资深后端开发工程师(Nodejs方向),http://company.zhaopin.com/CC216494030.htm,顺丰科技有限公司,面议
数据ETL工程师,redirecturl?url=http%3a%2f%2fmaker.haier.net%2fcustompage%2findex%2findex.html%3fplatformcode%3dzl&amp;cc=CC121066847J90316337000&amp;sign=B38039DCD217B30005602D61F2BEE9C2,海尔集团公司,面议
测试工程师,http://special.zhaopin.com/2018/bf/bjzg031980N/,北京中公教育科技股份有限公司,15000-25000
大数据讲师,http://company.zhaopin.com/CZ217000520D00112803110.htm,中公教育-信息技术中心,20001-30000
WEB前端开发讲师,http://company.zhaopin.com/CZ217000520D00112803110.htm,中公教育-信息技术中心,10001-15000
运维工程师,http://special.zhaopin.com/2018/bf/bjzg031980N/,北京中公教育科技股份有限公司,20000-40000
WEB前端开发工程师,http://company.zhaopin.com/CZ217000520D00112803110.htm,中公教育-信息技术中心,8000-15000
配置管理工程师,http://company.zhaopin.com/CZ311289930.htm,北京云纵信息技术有限公司,10001-15000
AI算法工程师,http://inspur.zhaopin.com/,浪潮集团有限公司,15000-25000
算法工程师,http://special.zhaopin.com/2017/gz/11242/whtz021321,PPmoney万惠集团,20001-30000
运维工程师,http://company.zhaopin.com/CZ263940930.htm,北京科锐国际人力资源股份有限公司,10000-12000
AI性能优化工程师,http://inspur.zhaopin.com/,浪潮集团有限公司,10000-20000
机器学习/AI平台研发工程师,http://special.zhaopin.com/bj/2015/hc032014/enter.html,北京恒昌利通投资管理有限公司,面议
运筹优化算法工程师,http://company.zhaopin.com/CC216494030.htm,顺丰科技有限公司,面议
数据采集工程师(J13484),http://company.zhaopin.com/CZ688310720.htm,易鑫集团,15001-20000
R&D Intern,http://special.zhaopin.com/bf/2014/qczg042185,Nestle China/雀巢(中国),2001-4000
NLP算法工程师J10981,http://company.zhaopin.com/CZ688310720.htm,易鑫集团,15001-20000
风控算法工程师J12149,http://company.zhaopin.com/CZ688310720.htm,易鑫集团,15001-20000
算法工程师,http://xiaoyuan.zhaopin.com/subcompany/CC000936902D90000008000,复星一家联合招聘,面议
Java后台开发工程师,http://xiaoyuan.zhaopin.com/subcompany/CC000936902D90000007000,复星一家联合招聘,面议
高级运维工程师（科技）,http://special.zhaopin.com/pagepublish/12014748/index.html,联动优势科技有限公司,15001-20000
云计算工程师,http://special.zhaopin.com/bj/2013/bdqn032826,北京阿博泰克北大青鸟信息技术有限公司,18000-25000
linux运维工程师,http://special.zhaopin.com/bj/2013/zkrk062859,中科软科技股份有限公司,5000-10000
数据专员,http://special.zhaopin.com/bj/2014/lenovo010971/,联想集团有限公司,面议
软件二次开发,http://special.zhaopin.com/pagepublish/14986271/index.html,北京翔博科技股份有限公司,10001-15000
中级运维工程师,http://company.zhaopin.com/CZ263940930.htm,北京科锐国际人力资源股份有限公司,10001-15000
院校教研经理 (MJ003798),http://special.zhaopin.com/bj/2010/Dn092512/index.html,北京达内金桥科技有限公司1,15000-25000
机器学习工程师（搜索算法）,http://company.zhaopin.com/CZ300255130.htm,贝壳找房,30000-60000
NLP工程师,http://company.zhaopin.com/CZ300255130.htm,贝壳找房,30000-60000
在线教育-数据产品经理,http://special.zhaopin.com/2018/bf/bjsj062159,北京世纪好未来教育科技有限公司,15000-28000
数据分析师,http://special.zhaopin.com/2018/bf/bjsj062159,北京世纪好未来教育科技有限公司,10001-15000
高级数据分析师,http://special.zhaopin.com/2018/bf/bjsj062159,北京世纪好未来教育科技有限公司,15001-20000
前端,http://special.zhaopin.com/bj/2010/Dn092512/index.html,北京达内金桥科技有限公司1,18000-30000
系统研发高级开发工程师,http://company.zhaopin.com/CZ300255130.htm,贝壳找房,30001-50000
Linux运维实习生（2017应届生优先）,http://company.zhaopin.com/CC567369733.htm,北京欣如信科技有限公司,8001-10000
数据库技术专家DBA,http://special.zhaopin.com/2017/bf/rxkf121156/,瑞幸咖啡(北京)有限公司,15000-30000
自然语言处理（实习）,http://company.zhaopin.com/CC335272932.htm,中网数据(北京)股份有限公司,4001-6000
软件工程师,http://company.zhaopin.com/CZ450339010.htm,北京国电思达科技有限公司,10000-15000
Java开发组长(J10515),http://company.zhaopin.com/CC596703626.htm,藤门国际教育咨询(北京)有限公司,20001-30000
渗透工程师,http://company.zhaopin.com/%E5%8C%97%E4%BA%AC%E5%9B%BD%E8%88%9C%E7%A7%91%E6%8A%80%E6%9C%89%E9%99%90%E5%85%AC%E5%8F%B8_CC136395818.htm,北京国舜科技有限公司,8000-15000
高级服务器开发工程师,http://company.zhaopin.com/CZ414704830.htm,北京汉迪移动互联网科技股份有限公司,25000-45000
linux运维经理,http://company.zhaopin.com/CZ241587280.htm,壕鑫互联(北京)网络科技有限公司,15000-25000
Web前端开发工程师,http://company.zhaopin.com/CZ414704830.htm,北京汉迪移动互联网科技股份有限公司,10000-20000
DBA工程师,http://company.zhaopin.com/CC273391788.htm,上海睿民互联网科技有限公司,12000-18000
游戏服务器开发工程师,http://company.zhaopin.com/%E6%88%90%E9%83%BD%E5%B0%BC%E6%AF%95%E9%B2%81%E7%A7%91%E6%8A%80%E6%9C%89%E9%99%90%E5%85%AC%E5%8F%B8_CC209096917.htm,成都尼毕鲁科技股份有限公司,20000-30000
游戏开发工程师（高级）,http://company.zhaopin.com/CC255732484.htm,北京万游网络科技有限公司,15000-25000
Go工程师（北京）,http://company.zhaopin.com/CZ562550030.htm,深圳市八斗才数据有限公司,15000-30000
数据分析师,http://company.zhaopin.com/CC255732484.htm,北京万游网络科技有限公司,10000-20000
助理数据分析师（硕士实习生）,http://company.zhaopin.com/P2/CC2131/1131/CC213111311.htm,广州佰聆数据股份有限公司,3000-4000
测试工程师,http://company.zhaopin.com/CC298729485.htm,北京中网易企秀科技有限公司,15000-30000
运维开发工程师,http://company.zhaopin.com/CZ681867820.htm,北京数字联盟网络科技有限公司,13000-15000
DBA工程师（mysql）,http://company.zhaopin.com/CC558121325.htm,团圆网络科技(北京)有限公司,15001-20000
计算机视觉算法工程师,http://company.zhaopin.com/CZ300255130.htm,贝壳找房,20000-40000
数据分析师（业务方向）,http://company.zhaopin.com/CC554988981.htm,北京山和朋友们科技有限公司,10000-20000
运维工程师,http://company.zhaopin.com/CC311602719.htm,北京卡洛其咨询有限公司,6000-10000
互联网业务部门_数据分析,http://company.zhaopin.com/CC120747254.htm,北京思特奇信息技术股份有限公司,8000-10000
NLP自然语言处理工程师,http://company.zhaopin.com/CC419073231.htm,北京鼎阅广告传媒有限责任公司,25000-35000
运维工程师（paas）,http://company.zhaopin.com/CZ120742120.htm,北京北森云计算股份有限公司,20000-25000
中级PHP开发工程师,http://company.zhaopin.com/CZ608869220.htm,北京金山云网络技术有限公司,20000-35000
高级java开发工程师-西二旗-wx(1450),http://special.zhaopin.com/pagepublish/12053534/index.html,北京联想利泰软件有限公司,15001-20000
数据库开发,http://special.zhaopin.com/bj/2013/zkrk062859,中科软科技股份有限公司,7000-14000
OpenStack开发工程师-西二旗-wx(1522),http://special.zhaopin.com/pagepublish/12053534/index.html,北京联想利泰软件有限公司,15001-20000
OpenStack运维工程师-广州-wx(1525),http://special.zhaopin.com/pagepublish/12053534/index.html,北京联想利泰软件有限公司,10001-15000
大数据平台研发工程师,http://company.zhaopin.com/CZ608869220.htm,北京金山云网络技术有限公司,20000-40000
高级大数据开发工程师,http://company.zhaopin.com/CC419073231.htm,北京鼎阅广告传媒有限责任公司,20000-35000
Java高级开发工程师（APP端）,http://company.zhaopin.com/CC419073231.htm,北京鼎阅广告传媒有限责任公司,20000-35000
研发工程师（大数据算法研究）,http://special.zhaopin.com/bj/2011/zdph04120776/job.htm,北京中电普华信息技术有限公司,15000-20000
大数据工程师,http://company.zhaopin.com/CZ477944610.htm,广州博鳌纵横网络科技有限公司,12000-20000
自动化测试研发工程师,http://special.zhaopin.com/bj/2013/zkrk062859,中科软科技股份有限公司,5000-10000
技术经理-急,http://company.zhaopin.com/P6/CC1200/6765/CC120067657.htm,北京锐安科技有限公司,15001-20000
算法实习生,http://company.zhaopin.com/CZ608869220.htm,北京金山云网络技术有限公司,3500-4500
高级研发工程师（大数据模型开发）,http://special.zhaopin.com/bj/2011/zdph04120776/job.htm,北京中电普华信息技术有限公司,15000-25000
软件测试工程师（平台测试方向）,http://special.zhaopin.com/bj/2013/raisecom021778,瑞斯康达科技发展股份有限公司,10001-15000
高级系统测试工程师,http://special.zhaopin.com/bj/2013/raisecom021778,瑞斯康达科技发展股份有限公司,15001-20000
SDN系统测试工程师,http://special.zhaopin.com/bj/2013/raisecom021778,瑞斯康达科技发展股份有限公司,10001-15000
系统测试工程师,http://special.zhaopin.com/bj/2013/raisecom021778,瑞斯康达科技发展股份有限公司,15001-20000
软件开发工程师（LPWAN方向）,http://special.zhaopin.com/bj/2013/raisecom021778,瑞斯康达科技发展股份有限公司,15001-20000
软件开发工程师（4G路由器方向）,http://special.zhaopin.com/bj/2013/raisecom021778,瑞斯康达科技发展股份有限公司,15001-20000
高级测试工程师,http://special.zhaopin.com/bj/2009/bdl122112/,北京百得利汽车进出口集团有限公司,15001-20000
高级测试工程师（无线LTE基站）,http://special.zhaopin.com/bj/2013/raisecom021778,瑞斯康达科技发展股份有限公司,15001-20000
软件测试工程师（数通方向）,http://special.zhaopin.com/bj/2013/raisecom021778,瑞斯康达科技发展股份有限公司,10001-15000
高级测试工程师-大数据,http://company.zhaopin.com/P7/CC0003/2756/CC000327562.htm,北京天融信科技有限公司,8000-16000
银行平台数据分析工程师,http://company.zhaopin.com/P2/CC1905/1681/CC190516813.htm,山东省城市商业银行合作联盟有限公司,30000-60000
中级核心算法工程师,http://company.zhaopin.com/CC554988981.htm,北京山和朋友们科技有限公司,20000-30000
数据挖掘工程师,http://company.zhaopin.com/CZ571816220D00113381076.htm,简理财,20000-40000
NDS产品工程师,http://special.zhaopin.com/bj/2012/siwei092527,北京四维图新科技股份有限公司,10001-15000
新媒体运营（用户运营）,http://company.zhaopin.com/CC434383686.htm,北京爱尖子教育科技有限责任公司,6001-8000
医疗界面开发工程师（联想 统招本科以上）,http://company.zhaopin.com/CZ263940930.htm,北京科锐国际人力资源股份有限公司,15001-20000
测试开发工程师（引擎、算法）,http://company.zhaopin.com/CC000022144.htm,新浪网,20000-40000
深度学习-自然语言处理高级工程师,http://company.zhaopin.com/CC120747254.htm,北京思特奇信息技术股份有限公司,15000-20000
高级数据分析师（数据搭建方向）,http://company.zhaopin.com/CZ300255130.htm,贝壳找房,25000-50000
数据开发工程师（JYGX001）,http://company.zhaopin.com/CZ300255130.htm,贝壳找房,15001-20000
数据开发架构师（JYGX002）,http://company.zhaopin.com/CZ300255130.htm,贝壳找房,30001-50000
PHP工程师（ZYGX001）,http://company.zhaopin.com/CZ300255130.htm,贝壳找房,15001-20000
Java架构师（JYGX004）,http://company.zhaopin.com/CZ300255130.htm,贝壳找房,30001-50000
运维工程师,http://company.zhaopin.com/CC440950919.htm,北京红云融通技术有限公司,5000-10000
测试工程师,http://special.zhaopin.com/pagepublish/32162632/index.html,北京恩跃时代教育科技有限公司,6000-12000
机器人视觉（图像处理、模式识别）算法工程师,http://special.zhaopin.com/pagepublish/36845798/index.html,北京理工大学智能机器人与系统高精尖创新中心,15001-20000
Linux测试开发工程师/测试开发主管,http://company.zhaopin.com/CC374935788.htm,北京凝思软件股份有限公司,10000-14000
校园招聘 软件研发工程师,http://company.zhaopin.com/P10/CC1432/2429/CC143224291.htm,北京康斯特仪表科技股份有限公司,7000-10000
推荐算法工程师-TDP-I2-061[北京-海淀区],http://special.zhaopin.com/pagepublish/15770982/index.html,北京立思辰科技股份有限公司,15000-26000
大数据工程师,http://company.zhaopin.com/P3/CC1562/2762/CC156227629.htm,北京亿赛通科技发展有限责任公司,8001-10000
战略项目部算法工程师,http://special.zhaopin.com/pagepublish/28805/index.html,中国网,8001-10000
算法工程师―机器学习方向,http://company.zhaopin.com/CC681448026.htm,百融金融信息服务股份有限公司,15000-30000
bi报表工程师,http://company.zhaopin.com/CC144543207.htm,诚迈科技(南京)股份有限公司,10001-15000
运维主管,http://special.zhaopin.com/pagepublish/12054422/index.html,天地融科技股份有限公司,13000-20000
高级JAVA开发工程师,http://special.zhaopin.com/pagepublish/38833/index.html,华迪计算机集团有限公司,15001-20000
测试,http://company.zhaopin.com/CZ631230820.htm,北京指掌易科技有限公司,8000-15000
系统工程师（数据库方向）,http://company.zhaopin.com/P9/CC0004/0448/CC000404489.htm,北京首都在线科技股份有限公司,20001-30000
Hadoop大数据开发工程师,http://company.zhaopin.com/P8/CC0005/9817/CC000598172.htm,北京炎黄新星网络科技有限公司,10000-18000
信息管理中心 运维工程师,http://special.zhaopin.com/bj/2011/hzrs110229/index.html,合众人寿保险股份有限公司,8001-10000
机器人视觉（模式识别）高级算法工程师,http://special.zhaopin.com/pagepublish/36845798/index.html,北京理工大学智能机器人与系统高精尖创新中心,20001-30000
java开发,http://company.zhaopin.com/CZ522698180.htm,北京千伯同创教育科技有限公司,6001-8000
机器人视觉（图像处理）高级算法工程师,http://special.zhaopin.com/pagepublish/36845798/index.html,北京理工大学智能机器人与系统高精尖创新中心,15001-20000
应届毕业生,http://company.zhaopin.com/CZ257223630.htm,北京允睿讯通科技有限公司,3500-7000
NLP算法工程师-仁信智清,http://company.zhaopin.com/CC509189225.htm,北京真格天成投资管理有限公司,30001-50000
人工智能视音频处理工程师,http://special.zhaopin.com/bj/2013/zkrk062859,中科软科技股份有限公司,8000-15000
资深核心算法工程师,http://company.zhaopin.com/CC554988981.htm,北京山和朋友们科技有限公司,25000-40000
数据科学家,http://company.zhaopin.com/CC120230425.htm,国 际 商 业 机 器 (中 国 )有 限 公 司,30001-50000
Devops Engineer,http://company.zhaopin.com/CC120230425.htm,国 际 商 业 机 器 (中 国 )有 限 公 司,30001-50000
测试经理-00652,http://company.zhaopin.com/P8/CC1313/4347/CC131343479.htm,任子行网络技术股份有限公司北京分公司,10000-20000
大数据分析工程师,http://company.zhaopin.com/CC386188723.htm,中创天博（北京）国际展览展示有限公司,20001-30000
大数据分析师讲师,http://company.zhaopin.com/CC386188723.htm,中创天博（北京）国际展览展示有限公司,20001-30000
软件配置管理,http://company.zhaopin.com/CZ443697320.htm,北京湛腾世纪科技有限公司,6001-8000
系统工程师（木樨地）,http://company.zhaopin.com/P8/CC0005/9817/CC000598172.htm,北京炎黄新星网络科技有限公司,8000-12000
算法开发工程师(J11244),http://company.zhaopin.com/CZ143301290D00101250062.htm,去哪儿网平台事业部,15000-30000
测试工程师,http://company.zhaopin.com/CZ245943580.htm,北京福佑在线信息技术有限公司,10000-20000
java开发工程师中级,http://company.zhaopin.com/CC490841330.htm,北京易诚互动软件技术有限公司,10000-15000
测试工程师,http://company.zhaopin.com/CC254563913.htm,北京启创卓越科技有限公司,6000-10000
语音识别高级算法-真格投企业合作公司-小典,http://company.zhaopin.com/CC509189225.htm,北京真格天成投资管理有限公司,30001-50000
生物信息研究员,http://company.zhaopin.com/CC443705682.htm,神州数码医疗科技股份有限公司,15001-20000
应用运维,http://special.zhaopin.com/bj/2015/hc032014/enter.html,北京恒昌利通投资管理有限公司,面议
中/高级数据库管理员（DBA）,http://special.zhaopin.com/bj/2015/hc032014/enter.html,北京恒昌利通投资管理有限公司,面议
Linux高级开发工程师??,http://company.zhaopin.com/P2/CC2410/3081/CC241030816.htm,上海奈金商务咨询有限公司,20000-40000
数据库管理员,http://special.zhaopin.com/bj/2015/zqkj010721,北京掌趣科技股份有限公司,8001-10000
爬虫工程师,http://special.zhaopin.com/pagepublish/13248923/index.html,北京鼎普科技股份有限公司,10001-15000
测试工程师,http://special.zhaopin.com/pagepublish/13137159/index.html,北京海泰方圆科技股份有限公司,6000-12000
技术经理（大数据方向）,http://company.zhaopin.com/P6/CC1200/6765/CC120067657.htm,北京锐安科技有限公司,15001-20000
诚聘测试,http://company.zhaopin.com/CZ498732030.htm,北京众慧科技有限公司,10001-15000
web安全研究员,http://company.zhaopin.com/%E5%AE%89%E7%BB%9C%E7%A7%91%E6%8A%80%28%E5%8C%97%E4%BA%AC%29%E6%9C%89%E9%99%90%E5%85%AC%E5%8F%B8_CC428064411.htm,东巽科技(北京)有限公司,10001-15000
大数据科学院数据科学家,http://special.zhaopin.com/pagepublish/35560991/index.html,九次方大数据信息集团有限公司,20000-40000
Senior Researcher,http://special.zhaopin.com/bJ/2015/didi070337,滴滴出行,30000-60000
遥感算法软件开发工程师,http://company.zhaopin.com/CC412103237.htm,北京悦图遥感科技发展有限公司,10000-20000
测试开发工程师,http://company.zhaopin.com/CZ753874970.htm,北京十一贝科技有限公司,20001-30000
linux系统工程师,http://company.zhaopin.com/CZ598350720.htm,上海芯海集成电路设计有限公司,8000-12000
PHP高级工程师（北京）,http://company.zhaopin.com/CZ632320480.htm,美篇,20000-35000
大数据开发工程师,http://company.zhaopin.com/%E5%8C%97%E5%A4%A7%E8%8B%B1%E5%8D%8E%E7%A7%91%E6%8A%80%E6%9C%89%E9%99%90%E5%85%AC%E5%8F%B8_CC000204670.htm,北京北大英华科技有限公司,10000-20000
手机自动化测试工程师（外派某知名企业）,http://company.zhaopin.com/%E5%8C%97%E4%BA%AC%E6%80%9D%E8%BF%AA%E5%BA%B7%E6%B3%B0%E7%A7%91%E6%8A%80%E6%9C%89%E9%99%90%E5%85%AC%E5%8F%B8_CC361398527.htm,北京思迪康泰科技有限公司,6001-8000
Nodejs高级研发工程师,http://company.zhaopin.com/CC288775884.htm,中青信用管理有限公司,20000-30000
机器学习算法研发工程师,http://company.zhaopin.com/CC412103237.htm,北京悦图遥感科技发展有限公司,10000-20000
高级运维开发工程师,http://company.zhaopin.com/CZ272551130.htm,九坤投资(北京)有限公司,25000-40000
Web前端开发工程师,http://company.zhaopin.com/CC159197927.htm,北京艾森思科技有限公司,8000-16000
运维工程师,http://special.zhaopin.com/pagepublish/67794142/index.html,动视云(北京)科技有限公司,8000-15000
地图云产品技术总监,http://company.zhaopin.com/CC251883987.htm,北京图创时代科技有限公司,20000-30000
算法、数据分析、人工智能、hadoop兼职讲师,http://company.zhaopin.com/CZ282024680.htm,北京大讲台科技有限公司,10000-20000
高级自动化测试工程师,http://company.zhaopin.com/CC468048885.htm,启迪智行科技(北京)有限公司,10000-20000
Golang 工程师（北京）,http://company.zhaopin.com/CZ632320480.htm,美篇,20000-40000
测试工程师,http://special.zhaopin.com/pagepublish/67794142/index.html,动视云(北京)科技有限公司,6000-12000
运维工程师,http://company.zhaopin.com/%E6%9D%8F%E6%A0%91%E6%9E%97%E4%BF%A1%E6%81%AF%E6%8A%80%E6%9C%AF%28%E5%8C%97%E4%BA%AC%29%E6%9C%89%E9%99%90%E5%85%AC%E5%8F%B8_CC382220521.htm,杏树林信息技术(北京)有限公司,10000-15000
DBA（北京）,http://company.zhaopin.com/CZ632320480.htm,美篇,10000-20000
测试工程师,http://company.zhaopin.com/CC279497182.htm,昆仑智汇数据科技(北京)有限公司,8000-16000
运维工程师,http://company.zhaopin.com/CC453722483.htm,司马大大(北京)智能系统有限公司,10001-15000
高级运维工程师 （北京）,http://company.zhaopin.com/CZ632320480.htm,美篇,20000-30000
量化研究,http://company.zhaopin.com/CC270520132.htm,北京优势财富科技有限公司,10000-20000
测试工程师,http://company.zhaopin.com/CZ336674980.htm,北京布科思科技有限公司,6000-10000
研发工程师,http://company.zhaopin.com/CC631162027.htm,北京智融时代信息技术有限公司,20000-30000
JAVA高级软件工程师,http://company.zhaopin.com/%E5%8C%97%E4%BA%AC%E5%A5%A5%E6%8A%80%E5%BC%82%E7%94%B5%E6%B0%94%E6%8A%80%E6%9C%AF%E7%A0%94%E7%A9%B6%E6%89%80_CC138960371.htm,北京奥技异电气技术研究所有限公司,15000-20000
爬虫工程师,http://company.zhaopin.com/CC443746738.htm,阿博茨德(北京)科技有限公司,10000-20000
php工程师,http://company.zhaopin.com/CC241841539.htm,北京京禾金润资产管理中心(有限合伙),8000-10000
高级运维工程师,http://company.zhaopin.com/CC443746738.htm,阿博茨德(北京)科技有限公司,10000-20000
测试经理（大数据方向）,http://company.zhaopin.com/CC564433287.htm,美亚宏信(北京)信息技术有限公司,15000-30000
技术合伙人（医疗大健康）,http://company.zhaopin.com/CZ348449380.htm,北京艾沐必康医疗科技有限公司,50000-100000
云计算开发测试工程师（安全方向）,redirecturl?url=http%3a%2f%2ftalent.baidu.com&amp;cc=CC000147543J90293771000&amp;sign=7CA10A034C0F31D11958CFF4DA49FC7A,百度在线网络技术(北京)有限公司,10000-20000
（高级）数据挖掘工程师,redirecturl?url=http%3a%2f%2ftalent.baidu.com&amp;cc=CC000147543J90293761000&amp;sign=7CA10A034C0F31D11958CFF4DA49FC7A,百度在线网络技术(北京)有限公司,10000-20000
云计算研发工程师,redirecturl?url=http%3a%2f%2ftalent.baidu.com&amp;cc=CC000147543J90293764000&amp;sign=7CA10A034C0F31D11958CFF4DA49FC7A,百度在线网络技术(北京)有限公司,10000-20000
CPU验证工程师,http://company.zhaopin.com/CC397981831.htm,成都海光集成电路设计有限公司,15000-25000
云计算开发测试工程师（大数据方向）,redirecturl?url=http%3a%2f%2ftalent.baidu.com&amp;cc=CC000147543J90293773000&amp;sign=7CA10A034C0F31D11958CFF4DA49FC7A,百度在线网络技术(北京)有限公司,10000-20000
金融数据分析师,http://company.zhaopin.com/CC483710523.htm,小米通讯技术有限公司,15000-30000
卢米埃-技术支持工程师,http://special.zhaopin.com/bj/2011/Dx010512/,爱奇艺（www.iqiyi.com）,10001-15000
qt软件开发工程师,http://company.zhaopin.com/CZ477308080.htm,珞石(山东)智能科技有限公司北京分公司,15000-28000
运维管理部-运维工程师,http://special.zhaopin.com/pagepublish/63130672/index.html,北京社文科技有限公司,7000-10000
生物信息分析工程师（2018应届生通道）,http://mega.zhaopin.com/,美因健康科技(北京)有限公司,6000-9000
大数据总监,http://company.zhaopin.com/CC338692835.htm,泛测(北京)环境科技有限公司,20001-30000
软件测试工程师,http://special.zhaopin.com/pagepublish/28154558/index.html,北京博创联动科技有限公司,6000-10000
高级Java开发工程师,http://company.zhaopin.com/CC323109835.htm,北京果仁宝科技有限公司,25000-40000
测试工程师,http://company.zhaopin.com/CC453722483.htm,司马大大(北京)智能系统有限公司,8000-12000
系统工程师（云计算方向）,http://company.zhaopin.com/P9/CC0004/0448/CC000404489.htm,北京首都在线科技股份有限公司,20001-30000
linux系统运维工程师,http://company.zhaopin.com/CC307268537.htm,北京的卢深视科技有限公司,10001-15000
数据分析师-市场营销部(J12836),http://special.zhaopin.com/bj/2012/qunar020774/index.htm,去哪儿网（Qunar.com）,15001-20000
高级运维工程师（偏大数据方向）,http://company.zhaopin.com/CC681448026.htm,百融金融信息服务股份有限公司,15000-25000
数据库工程师,http://special.zhaopin.com/pagepublish/34563773/index.html,北京理工新源信息科技有限公司,8001-10000
高级数据分析师,http://company.zhaopin.com/P1/CC1472/8320/CC147283207.htm,北京亿信华辰软件有限责任公司,15000-25000
运维总监/副总监,http://special.zhaopin.com/pagepublish/13535392/index.html,北京中交兴路信息科技有限公司,25000-35000
BSS-Linux运维工程师,http://company.zhaopin.com/CZ307634210.htm,南京优玛软件科技有限公司,8000-10000
性能测试工程师,http://company.zhaopin.com/CC378616383.htm,北京中科寒武纪科技有限公司,20001-30000
高级测试工程师,http://company.zhaopin.com/CZ681469820.htm,北京志翔科技股份有限公司,15001-20000
机器视觉高级算法工程师,http://special.zhaopin.com/pagepublish/33377321/index.html,北京安力斯环境科技股份有限公司,15000-30000
采集工程师,http://company.zhaopin.com/P2/CC2178/6201/CC217862013.htm,万库标杆科技有限公司,6000-12000
JAVA研发工程师,http://company.zhaopin.com/CZ257223630.htm,北京允睿讯通科技有限公司,6000-12000
知识图谱搜索研发经理,http://company.zhaopin.com/P2/CC2178/6201/CC217862013.htm,万库标杆科技有限公司,30000-50000
大数据开发工程师,http://company.zhaopin.com/CZ361537310.htm,精硕科技(北京)股份有限公司,15000-25000
linux c（19年毕业生）,http://company.zhaopin.com/%E5%8C%97%E4%BA%AC%E5%90%AF%E6%98%8E%E6%98%9F%E8%BE%B0%E4%BF%A1%E6%81%AF%E5%AE%89%E5%85%A8%E6%8A%80%E6%9C%AF%E6%9C%89%E9%99%90%E5%85%AC%E5%8F%B8_CC242351419.htm,北京启明星辰信息安全技术有限公司,2001-4000
高级数据分析师,http://company.zhaopin.com/CZ307634210.htm,南京优玛软件科技有限公司,15001-20000
高级测试工程师,http://company.zhaopin.com/CZ183331120.htm,北京屏芯科技有限公司,30000-40000
研发工程师,http://company.zhaopin.com/P3/CC2180/3382/CC218033821.htm,北京金惠新悦科技有限公司,10001-15000
软件测试工程师,http://company.zhaopin.com/CZ687176020.htm,北京石头世纪科技有限公司,8000-10000
开发工程师-大数据方向,http://company.zhaopin.com/CZ190257810.htm,北京光宇在线科技有限责任公司,10001-15000
Java架构师,http://company.zhaopin.com/CC419574338.htm,拉卡拉云商网络有限公司,25000-45000
高级hadoop工程师,http://company.zhaopin.com/CC419574338.htm,拉卡拉云商网络有限公司,15000-25000
高级Java,http://company.zhaopin.com/CC419574338.htm,拉卡拉云商网络有限公司,20000-40000
软件测试工程师（需写代码）,http://special.zhaopin.com/pagepublish/13137159/index.html,北京海泰方圆科技股份有限公司,10000-20000
高级php开发工程师,http://company.zhaopin.com/CC419574338.htm,拉卡拉云商网络有限公司,15000-30000
研发经理,http://company.zhaopin.com/P3/CC2180/3382/CC218033821.htm,北京金惠新悦科技有限公司,15001-20000
系统运维经理,http://company.zhaopin.com/P3/CC2180/3382/CC218033821.htm,北京金惠新悦科技有限公司,10001-15000
系统运维工程师,http://company.zhaopin.com/P3/CC2180/3382/CC218033821.htm,北京金惠新悦科技有限公司,8001-10000
测试工程师（程序编写）,http://special.zhaopin.com/pagepublish/13137159/index.html,北京海泰方圆科技股份有限公司,12000-20000
java开发工程师,http://company.zhaopin.com/CZ245943580.htm,北京福佑在线信息技术有限公司,15000-30000
NLP算法工程师,http://company.zhaopin.com/P3/CC2180/3382/CC218033821.htm,北京金惠新悦科技有限公司,10001-15000
测试实习生,http://special.zhaopin.com/pagepublish/12403/index.html,汉王科技股份有限公司,1000-2000
运维工程师,http://company.zhaopin.com/%E5%8C%97%E4%BA%AC%E8%83%BD%E9%80%9A%E5%A4%A9%E4%B8%8B%E7%BD%91%E7%BB%9C%E6%8A%80%E6%9C%AF%E6%9C%89%E9%99%90%E5%85%AC%E5%8F%B8_CC249418817.htm,北京能通天下网络技术有限公司,8001-10000
C/C++高级工程师(办公软件）,http://company.zhaopin.com/P1/CC1203/4390/CC120343909.htm,中标软件有限公司,10000-16000
中级dba,http://special.zhaopin.com/pagepublish/19017681/index.html,竞技世界(北京)网络技术有限公司,15000-30000
高级测试工程师,http://company.zhaopin.com/%E5%8C%97%E4%BA%AC%E8%83%BD%E9%80%9A%E5%A4%A9%E4%B8%8B%E7%BD%91%E7%BB%9C%E6%8A%80%E6%9C%AF%E6%9C%89%E9%99%90%E5%85%AC%E5%8F%B8_CC249418817.htm,北京能通天下网络技术有限公司,8000-15000
C++游戏开发,http://special.zhaopin.com/pagepublish/19017681/index.html,竞技世界(北京)网络技术有限公司,20000-35000
系统架构与优化工程师,http://company.zhaopin.com/%E5%8C%97%E4%BA%AC%E5%8D%8E%E9%9D%92%E8%9E%8D%E5%A4%A9%E6%8A%80%E6%9C%AF%E6%9C%89%E9%99%90%E8%B4%A3%E4%BB%BB%E5%85%AC%E5%8F%B8_CC170279519.htm,华青融天(北京)技术股份有限公司,10001-15000
大数据开发工程师（金融软件大数据行业）,http://company.zhaopin.com/%E5%8C%97%E4%BA%AC%E5%8D%8E%E9%9D%92%E8%9E%8D%E5%A4%A9%E6%8A%80%E6%9C%AF%E6%9C%89%E9%99%90%E8%B4%A3%E4%BB%BB%E5%85%AC%E5%8F%B8_CC170279519.htm,华青融天(北京)技术股份有限公司,15000-20000
高级算法工程师,http://company.zhaopin.com/CC635906625.htm,北京北大后工商管理促进会,20001-30000
软件工程师（C/C++）（仿真部）,http://company.zhaopin.com/%E5%8C%97%E4%BA%AC%E5%8D%8E%E5%8A%9B%E5%88%9B%E9%80%9A%E7%A7%91%E6%8A%80%E8%82%A1%E4%BB%BD%E6%9C%89%E9%99%90%E5%85%AC%E5%8F%B8_CC000244625.htm,北京华力创通科技股份有限公司,10001-15000
数据分析,http://company.zhaopin.com/CZ245943580.htm,北京福佑在线信息技术有限公司,10000-18000
高级前端工程师,http://company.zhaopin.com/CZ183331120.htm,北京屏芯科技有限公司,25000-40000
高级自动化测试工程师,http://company.zhaopin.com/CC626510622.htm,北京轩宇信息技术有限公司,8000-15000
java应届实习生,http://company.zhaopin.com/CZ813952510.htm,北京新航同创科技有限公司,2001-4000
数据分析师（初中级）,http://company.zhaopin.com/CZ307634210.htm,南京优玛软件科技有限公司,10000-18000
Linux技术支持工程师,http://company.zhaopin.com/P1/CC1203/4390/CC120343909.htm,中标软件有限公司,5000-9000
高级实施工程师,http://company.zhaopin.com/CC263073182.htm,建投数据科技股份有限公司,15001-20000
软件测试主管,http://special.zhaopin.com/pagepublish/30049431/index.html,北京智邦国际软件技术有限公司,8000-15000
中级hadoop工程师,http://company.zhaopin.com/CC419574338.htm,拉卡拉云商网络有限公司,15000-30000
大数据研发工程师,http://company.zhaopin.com/CC457579938.htm,北京软通云网科技有限公司,15001-20000
算法团队leader,http://company.zhaopin.com/CC698950229.htm,上海小蚁科技有限公司,20000-35000
运维开发工程师,http://company.zhaopin.com/CC000022144.htm,新浪网,20000-40000
初级软件工程师,http://company.zhaopin.com/CZ257223630.htm,北京允睿讯通科技有限公司,5000-8000
知识图谱搜索应用架构师,http://company.zhaopin.com/P2/CC2178/6201/CC217862013.htm,万库标杆科技有限公司,50000-80000
数据开发工程师,http://special.zhaopin.com/pagepublish/13535392/index.html,北京中交兴路信息科技有限公司,15000-25000
Java工程师,http://company.zhaopin.com/CZ651664020.htm,北京易掌云峰科技有限公司,13000-21000
IT运维工程师,http://company.zhaopin.com/%E5%8C%97%E4%BA%AC%E5%B8%82%E8%A5%BF%E5%9F%8E%E5%8C%BA%E5%B7%A8%E4%BA%BA%E6%96%87%E5%8C%96%E8%89%BA%E6%9C%AF%E5%9F%B9%E8%AE%AD%E5%AD%A6%E6%A0%A1_CC532459926.htm,北京市西城区巨人文化艺术培训学校,12000-20000
信息安全工程师,http://special.zhaopin.com/2016/bf/JSJ032350,北京计算机技术及应用研究所,10001-15000
数据开发工程师,http://company.zhaopin.com/CC649217627.htm,北京兆芯电子科技有限公司,10001-15000
数据库测试工程师,http://special.zhaopin.com/bj/2013/xhcf062893/jobs.htm,信和财富投资管理(北京)有限公司,15001-20000
测试经理,http://company.zhaopin.com/%E5%8C%97%E4%BA%AC%E6%B5%B7%E5%8D%9A%E6%80%9D%E5%88%9B%E7%A7%91%E6%8A%80%E6%9C%89%E9%99%90%E5%85%AC%E5%8F%B8_CC450682916.htm,北京海博思创科技有限公司,20001-30000
系统工程师（云计算方向）,http://company.zhaopin.com/P9/CC0004/0448/CC000404489.htm,北京首都在线科技股份有限公司,20001-30000
linux系统运维工程师,http://company.zhaopin.com/CC307268537.htm,北京的卢深视科技有限公司,10001-15000
数据分析师-市场营销部(J12836),http://special.zhaopin.com/bj/2012/qunar020774/index.htm,去哪儿网（Qunar.com）,15001-20000
高级运维工程师（偏大数据方向）,http://company.zhaopin.com/CC681448026.htm,百融金融信息服务股份有限公司,15000-25000
数据库工程师,http://special.zhaopin.com/pagepublish/34563773/index.html,北京理工新源信息科技有限公司,8001-10000
高级数据分析师,http://company.zhaopin.com/P1/CC1472/8320/CC147283207.htm,北京亿信华辰软件有限责任公司,15000-25000
信息安全工程师,http://special.zhaopin.com/2016/bf/JSJ032350,北京计算机技术及应用研究所,10001-15000
Java工程师,http://company.zhaopin.com/CZ651664020.htm,北京易掌云峰科技有限公司,13000-21000
机器学习算法经理,http://special.zhaopin.com/bj/2014/jgyd021959/,北京交广易贷投资管理有限公司,30001-50000
知识图谱搜索应用架构师,http://company.zhaopin.com/P2/CC2178/6201/CC217862013.htm,万库标杆科技有限公司,50000-80000
java高级软件工程师,http://company.zhaopin.com/CC600327385.htm,北京红赢科技有限公司,25000-50000
测试经理,http://company.zhaopin.com/CZ150045610.htm,厦门安妮股份有限公司,18000-22000
Linux系统运维工程,http://company.zhaopin.com/CC150219218.htm,塔米智能科技(北京)有限公司,10001-15000
PHP开发工程师,http://company.zhaopin.com/CZ141423100.htm,北京社科赛斯教育科技有限公司,12000-22000
实施工程师,http://company.zhaopin.com/CZ492400930.htm,北京缔联科技有限公司,6000-10000
数据开发工程师――大住宿事业部J11804,http://company.zhaopin.com/CZ143301290D00112442211.htm,去哪儿网大住宿事业部,25000-35000
java研发工程师,http://special.zhaopin.com/pagepublish/19017681/index.html,竞技世界(北京)网络技术有限公司,6001-8000
WEB前端开发人员,http://company.zhaopin.com/CC374935788.htm,北京凝思软件股份有限公司,6000-10000
Golang开发工程师,http://company.zhaopin.com/CZ558119020.htm,北京美餐巧达科技有限公司,15000-30000
高级linux运维工程师,http://company.zhaopin.com/CC628532427.htm,北京点石经纬科技有限公司,15000-30000
高级大数据开发工程师（网安）,http://company.zhaopin.com/P8/CC1313/4347/CC131343479.htm,任子行网络技术股份有限公司北京分公司,15000-25000
软件开发实习生（C++）,http://company.zhaopin.com/%E5%8C%97%E4%BA%AC%E5%8D%8E%E5%8A%9B%E5%88%9B%E9%80%9A%E7%A7%91%E6%8A%80%E8%82%A1%E4%BB%BD%E6%9C%89%E9%99%90%E5%85%AC%E5%8F%B8_CC000244625.htm,北京华力创通科技股份有限公司,4000-6000
大数据开发学徒,http://company.zhaopin.com/CC233139137.htm,北京菜鸟在线教育科技有限公司,6001-8000
算法工程师（校招生）,http://company.zhaopin.com/CC000022144.htm,新浪网,15000-30000
Linux操作系统研发工程师,http://company.zhaopin.com/P1/CC1203/4390/CC120343909.htm,中标软件有限公司,8001-10000
大数据架构师,http://company.zhaopin.com/%E5%8C%97%E4%BA%AC%E5%8C%97%E5%A4%A7%E8%BD%AF%E4%BB%B6%E5%B7%A5%E7%A8%8B%E5%8F%91%E5%B1%95%E6%9C%89%E9%99%90%E5%85%AC%E5%8F%B8_CC000362500.htm,北京北大软件工程股份有限公司,15000-25000
测试开发工程师,http://company.zhaopin.com/%E5%8C%97%E4%BA%AC%E5%8C%97%E5%A4%A7%E8%BD%AF%E4%BB%B6%E5%B7%A5%E7%A8%8B%E5%8F%91%E5%B1%95%E6%9C%89%E9%99%90%E5%85%AC%E5%8F%B8_CC000362500.htm,北京北大软件工程股份有限公司,10000-18000
大数据工程师,http://company.zhaopin.com/%E5%8C%97%E4%BA%AC%E5%8C%97%E5%A4%A7%E8%BD%AF%E4%BB%B6%E5%B7%A5%E7%A8%8B%E5%8F%91%E5%B1%95%E6%9C%89%E9%99%90%E5%85%AC%E5%8F%B8_CC000362500.htm,北京北大软件工程股份有限公司,10000-20000
大数据架构师-T-TDP-I3/I2-001,http://special.zhaopin.com/pagepublish/15770982/index.html,北京立思辰科技股份有限公司,20001-30000
算法工程师（自然语言处理）-R-TDP-I2-100,http://special.zhaopin.com/pagepublish/15770982/index.html,北京立思辰科技股份有限公司,15000-25000
Linux开发工程师,http://special.zhaopin.com/sh/2014/phjc061984,普华基础软件股份有限公司,8000-15000
JAVA开发运维工程师(开发二部),http://company.zhaopin.com/CC287510633.htm,北京中兴通控股有限公司,15001-20000
算法工程师/数据分析挖掘工程师,http://special.zhaopin.com/pagepublish/13535392/index.html,北京中交兴路信息科技有限公司,20001-30000
前端开发工程师,http://company.zhaopin.com/CZ141423100.htm,北京社科赛斯教育科技有限公司,12000-22000
"C,C++研发工程师",http://special.zhaopin.com/pagepublish/34563773/index.html,北京理工新源信息科技有限公司,15001-20000
AI讲师,http://company.zhaopin.com/P4/CC1425/4983/CC142549837.htm,北京尚学堂科技有限公司,15000-30000
数据运营经理/助理,http://company.zhaopin.com/CC554174721.htm,数据堂(北京)科技股份有限公司,8000-15000
Linux系统研发工程师,http://company.zhaopin.com/P1/CC1203/4390/CC120343909.htm,中标软件有限公司,8001-10000
Web测试工程师（西二旗软件园）,http://special.zhaopin.com/bj/19947/index.html,Symbio 北京研发中心,8001-10000
数据分析工程师,http://special.zhaopin.com/pagepublish/13535392/index.html,北京中交兴路信息科技有限公司,15000-30000
Linux 软件开发工程师,http://special.zhaopin.com/2016/bf/JSJ032350,北京计算机技术及应用研究所,6000-12000
web前端开发,http://company.zhaopin.com/CC595002126.htm,北京步峰信息技术有限公司,10000-20000
高级自动化测试工程师,http://company.zhaopin.com/%E5%8C%97%E4%BA%AC%E6%99%BA%E6%85%A7%E6%98%9F%E5%85%89%E4%BF%A1%E6%81%AF%E6%8A%80%E6%9C%AF%E6%9C%89%E9%99%90%E5%85%AC%E5%8F%B8_CC467352913.htm,北京智慧星光信息技术有限公司,15000-25000
软件测试工程师,http://company.zhaopin.com/%E5%8C%97%E4%BA%AC%E7%88%B1%E6%9C%97%E6%A0%BC%E7%91%9E%E7%A7%91%E6%8A%80%E6%9C%89%E9%99%90%E5%85%AC%E5%8F%B8_CC509015020.htm,北京爱朗格瑞科技有限公司,7000-10000
技术支持（卫星图像/目标检测识别方向）,http://company.zhaopin.com/P8/CC1201/4747/CC120147474.htm,北京航天泰坦科技股份有限公司,20001-30000
气象数据分析师,http://special.zhaopin.com/pagepublish/12011248/index.html,北京恒泰实达科技股份有限公司,15001-20000
自然语言处理-真格投企业合作公司-小典,http://company.zhaopin.com/CC509189225.htm,北京真格天成投资管理有限公司,30001-50000
测试经理(J11363),http://company.zhaopin.com/%E5%8C%97%E4%BA%AC%E7%A5%9E%E5%B7%9E%E7%BB%BF%E7%9B%9F%E4%BF%A1%E6%81%AF%E5%AE%89%E5%85%A8%E7%A7%91%E6%8A%80%E8%82%A1%E4%BB%BD%E6%9C%89%E9%99%90%E5%85%AC%E5%8F%B8_CC393236712.htm,绿盟科技,15001-20000
机器学习工程师-真格投企业合作公司-Ptmind,http://company.zhaopin.com/CC509189225.htm,北京真格天成投资管理有限公司,30001-50000
大数据开发,http://company.zhaopin.com/CC470545134.htm,北京蓝信汇智科技有限公司,15001-20000
内容产品经理,http://special.zhaopin.com/qd/2015/wdkj022536,青岛伟东云教育集团有限公司,15000-25000
新浪android算法工程师,http://company.zhaopin.com/CC000022144.htm,新浪网,30001-50000
算法实习生,http://special.zhaopin.com/bf/2014/czj041009/,汽车之家,2001-4000
OpenStack高级运维工程师（央企）,http://company.zhaopin.com/CC201735932.htm,中电数据服务有限公司,1000元以下
游戏测试学徒+住宿,http://company.zhaopin.com/CZ506070230.htm,山东文辉软件服务外包有限公司,3000-5000
hadoop工程师,http://special.zhaopin.com/pagepublish/34563773/index.html,北京理工新源信息科技有限公司,15001-20000
威胁分析员,http://special.zhaopin.com/pagepublish/25658961/index.html,北京瑞星网安技术股份有限公司,8000-12000
数据挖掘工程师,http://company.zhaopin.com/CC470545134.htm,北京蓝信汇智科技有限公司,15001-20000
C/C++研发工程师（办公软件）,http://company.zhaopin.com/P1/CC1203/4390/CC120343909.htm,中标软件有限公司,8000-16000
Linux研发实习生,http://company.zhaopin.com/P1/CC1203/4390/CC120343909.htm,中标软件有限公司,2001-4000
算法工程师,http://company.zhaopin.com/CZ327609510.htm,触景无限科技(北京)有限公司,18000-28000
安全运营工程师（事件分析调查）,http://company.zhaopin.com/%E5%8C%97%E4%BA%AC%E5%8D%8E%E9%9D%92%E8%9E%8D%E5%A4%A9%E6%8A%80%E6%9C%AF%E6%9C%89%E9%99%90%E8%B4%A3%E4%BB%BB%E5%85%AC%E5%8F%B8_CC170279519.htm,华青融天(北京)技术股份有限公司,10000-20000
前端开发工程师,http://special.zhaopin.com/pagepublish/18255692/index.html,北京臻迪机器人有限公司,8000-16000
数据分析,http://company.zhaopin.com/P4/CC1478/8813/CC147888134.htm,北京人和创建信息技术有限公司,10001-15000
直播测试,http://special.zhaopin.com/pagepublish/19017681/index.html,竞技世界(北京)网络技术有限公司,8000-15000
大数据高级开发工程师-北京-00113,http://company.zhaopin.com/CZ681023520.htm,博易智软(北京)技术有限公司,20001-30000
web前端工程师,http://company.zhaopin.com/P2/CC1336/2921/CC133629212.htm,苍穹数码技术股份有限公司,8001-10000
爬虫工程师（上地）,http://company.zhaopin.com/%E5%8E%A6%E9%97%A8%E4%B8%80%E5%93%81%E5%A8%81%E5%AE%A2%E7%BD%91%E7%BB%9C%E7%A7%91%E6%8A%80%E6%9C%89%E9%99%90%E5%85%AC%E5%8F%B8_CC383511923.htm,厦门一品威客网络科技股份有限公司,20000-25000
数据分析主管(J10054),http://company.zhaopin.com/CC238666737.htm,会找房(北京)网络技术有限公司,25000-40000
HIL测试工程师,http://company.zhaopin.com/%E5%8C%97%E4%BA%AC%E6%B5%B7%E5%8D%9A%E6%80%9D%E5%88%9B%E7%A7%91%E6%8A%80%E6%9C%89%E9%99%90%E5%85%AC%E5%8F%B8_CC450682916.htm,北京海博思创科技有限公司,10001-15000
WEB前端工程师,http://company.zhaopin.com/P6/CC1210/0525/CC121005258.htm,北京北控三兴信息技术有限公司,6000-10000
知识图谱搜索系统架构师,http://company.zhaopin.com/P2/CC2178/6201/CC217862013.htm,万库标杆科技有限公司,50000-80000
总裁技术助理,http://company.zhaopin.com/P2/CC2178/6201/CC217862013.htm,万库标杆科技有限公司,30000-40000
高级数据分析师-市场营销部(J12991),http://special.zhaopin.com/bj/2012/qunar020774/index.htm,去哪儿网（Qunar.com）,10001-15000
c++/go语言研发工程师,http://company.zhaopin.com/CC647386733.htm,全链通有限公司,15000-30000
测试总监,http://company.zhaopin.com/P8/CC1200/9057/CC120090570.htm,北京用友政务软件有限公司,15000-30000
数据分析经理,http://company.zhaopin.com/P9/CC0005/2468/CC000524686.htm,北京精友时代信息技术发展有限公司,15000-30000
Linux讲师,http://special.zhaopin.com/pagepublish/18796562/index.html,北京八维研修学院,10000-15000
嵌入式软件工程师,http://company.zhaopin.com/CZ362524410.htm,北京神州视翰科技有限公司,6000-12000
软件工程师,http://company.zhaopin.com/CC120387148.htm,清华大学微电子学研究所,15000-25000
高级数据挖掘算法工程师（人工智能研究院）,http://company.zhaopin.com/CZ174731720.htm,上海迈外迪网络科技有限公司北京分公司,35000-70000
C++开发工程师,http://company.zhaopin.com/CZ146274550.htm,北京全网数商科技股份有限公司,15000-25000
LINUX系统工程师,http://company.zhaopin.com/P9/CC0004/0448/CC000404489.htm,北京首都在线科技股份有限公司,10001-15000
gis开发工程师,http://company.zhaopin.com/P2/CC1306/8481/CC130684817.htm,北京地星伟业数码科技有限公司,8000-12000
软件测试工程师（北京）,http://company.zhaopin.com/CC281777335.htm,南京唯实科技有限公司,6000-10000
MySQL DBA,http://company.zhaopin.com/CC286404480.htm,北京小易到家电子商务有限公司,10001-15000
数据分析师,http://company.zhaopin.com/CC286404480.htm,北京小易到家电子商务有限公司,10001-15000
BI工程师,http://company.zhaopin.com/CC286404480.htm,北京小易到家电子商务有限公司,10000-20000
运维工程师,http://company.zhaopin.com/CC311251934.htm,智慧互通科技有限公司,10001-15000
后台开发工程师,http://special.zhaopin.com/pagepublish/25658961/index.html,北京瑞星网安技术股份有限公司,10001-15000
自动化测试工程师,http://company.zhaopin.com/CZ143900590.htm,中建材信息技术股份有限公司,8000-15000
存储管理平台研发工程师,http://company.zhaopin.com/P10/CC0006/0709/CC000607098.htm,北京同有飞骥科技股份有限公司,10000-18000
物联网软件研发工程师,http://company.zhaopin.com/CZ000424900.htm,研华(中国)公司,8000-15000
web前端开发工程师,http://company.zhaopin.com/CC295286132.htm,北京智慧流教育科技有限公司,10000-20000
知识图谱工程师,http://company.zhaopin.com/P2/CC2178/6201/CC217862013.htm,万库标杆科技有限公司,40000-80000
高级云计算架构师,http://company.zhaopin.com/CZ280703830.htm,用友广信网络科技有限公司,30001-50000
系统工程师-生产部J10981,http://company.zhaopin.com/%E5%8C%97%E4%BA%AC%E7%A5%9E%E5%B7%9E%E7%BB%BF%E7%9B%9F%E4%BF%A1%E6%81%AF%E5%AE%89%E5%85%A8%E7%A7%91%E6%8A%80%E8%82%A1%E4%BB%BD%E6%9C%89%E9%99%90%E5%85%AC%E5%8F%B8_CC393236712.htm,绿盟科技,8001-10000
数据挖掘工程师,http://company.zhaopin.com/CC293254787.htm,北京微步在线科技有限公司,20000-40000
新浪微博算法工程师,http://company.zhaopin.com/CC000022144.htm,新浪网,20001-30000
测试经理,http://company.zhaopin.com/%E9%87%91%E5%B0%9A%E4%BA%92%E8%81%94%28%E5%8C%97%E4%BA%AC%29%E7%A7%91%E6%8A%80%E6%9C%89%E9%99%90%E5%85%AC%E5%8F%B8_CC349954311.htm,北京金尚互联科技股份有限公司,10000-20000
云计算技术架构师,http://company.zhaopin.com/CC263073182.htm,建投数据科技股份有限公司,20001-30000
人工智能算法工程师（2018应届生通道）,http://mega.zhaopin.com/,美因健康科技(北京)有限公司,10000-20000
量化研究员??,http://company.zhaopin.com/CZ486223920.htm,北京钱景基金销售有限公司,10001-15000
实习安全工程师,http://company.zhaopin.com/CC320489439.htm,北京赛宁网安科技有限公司,4000-4000
网络数据分析师/安全数据分析师,http://company.zhaopin.com/%E5%AE%89%E7%BB%9C%E7%A7%91%E6%8A%80%28%E5%8C%97%E4%BA%AC%29%E6%9C%89%E9%99%90%E5%85%AC%E5%8F%B8_CC428064411.htm,东巽科技(北京)有限公司,20001-30000
机器视觉算法工程师,http://company.zhaopin.com/P1/CC1367/0930/CC136709305.htm,北京中矿华沃科技股份有限公司,20001-30000
图像算法工程师,http://company.zhaopin.com/P3/CC2180/3382/CC218033821.htm,北京金惠新悦科技有限公司,25000-40000
高级web前端开发工程师,http://special.zhaopin.com/2017/bf/bjys072799,美菜网,30001-50000
AI研发工程师-语音识别方向 (MJ003645),http://special.zhaopin.com/bj/2010/Dn092512/index.html,北京达内金桥科技有限公司1,20000-30000
数据分析师-数据平台,http://special.zhaopin.com/pagepublish/34570418/index.html,车好多集团,20001-30000
Java web开发,http://special.zhaopin.com/pagepublish/38562241/index.html,深圳市法本信息技术股份有限公司,10001-15000
算法工程师,http://special.zhaopin.com/2018/bf/bjsj062159,北京世纪好未来教育科技有限公司,25000-35000
高级视频算法工程师,http://company.zhaopin.com/P2/CC1900/5341/CC190053411.htm,北京多维视通技术有限公司,10000-20000
数据运营经理 (MJ003857),http://special.zhaopin.com/bj/2010/Dn092512/index.html,北京达内金桥科技有限公司1,15000-30000
C++服务器开发工程师,http://special.zhaopin.com/2018/bf/bjsj062159,北京世纪好未来教育科技有限公司,20000-40000
高级数据挖掘工程师,http://special.zhaopin.com/2017/bf/rxkf121156/,瑞幸咖啡(北京)有限公司,15000-30000
IT质量管理工程师,http://company.zhaopin.com/%E7%AB%8B%E4%BF%A1%E4%BC%9A%E8%AE%A1%E5%B8%88%E4%BA%8B%E5%8A%A1%E6%89%80%28%E7%89%B9%E6%AE%8A%E6%99%AE%E9%80%9A%E5%90%88%E4%BC%99%29%E5%8C%97%E4%BA%AC%E5%88%86%E6%89%80_CC464802915.htm,立信会计师事务所(特殊普通合伙)北京分所,15001-20000
Java 高级工程师,http://company.zhaopin.com/CC237842282.htm,北京健康护航科技有限公司,15000-25000
