job,years,education,salary,company,scale,job_url
.net开发工程师（初级）,,,4000-6000,竞优(广州)信息技术有限公司武汉分公司,,http://jobs.zhaopin.com/CC581907880J00142960005.htm
.net开发工程师（初级）,,,4000-6000,竞优(广州)信息技术有限公司武汉分公司,,http://jobs.zhaopin.com/CC581907880J00142960005.htm
.net开发工程师（初级）,,,4000-6000,竞优(广州)信息技术有限公司武汉分公司,,http://jobs.zhaopin.com/CC581907880J00142960005.htm
.net开发工程师（初级）,,,4000-6000,竞优(广州)信息技术有限公司武汉分公司,,http://jobs.zhaopin.com/CC581907880J00142960005.htm
.net开发工程师（初级）,,,4000-6000,竞优(广州)信息技术有限公司武汉分公司,,http://jobs.zhaopin.com/CC581907880J00142960005.htm
.net开发工程师（初级）,,,4000-6000,竞优(广州)信息技术有限公司武汉分公司,,http://jobs.zhaopin.com/CC581907880J00142960005.htm
.net开发工程师（初级）,,,4000-6000,竞优(广州)信息技术有限公司武汉分公司,,http://jobs.zhaopin.com/CC581907880J00142960005.htm
.net开发工程师（初级）,,,4000-6000,竞优(广州)信息技术有限公司武汉分公司,,http://jobs.zhaopin.com/CC581907880J00142960005.htm
.net开发工程师（初级）,,,4000-6000,竞优(广州)信息技术有限公司武汉分公司,,http://jobs.zhaopin.com/CC581907880J00142960005.htm
.net开发工程师（初级）,,,4000-6000,竞优(广州)信息技术有限公司武汉分公司,,http://jobs.zhaopin.com/CC581907880J00142960005.htm
job,years,education,salary,company,scale,job_url
job,years,education,salary,company,scale,job_url
job,years,education,salary,company,scale,job_url
